experiment,n_points,dim,run,seed,case,TSI_score,TSI_time,CKA_score,CKA_time,CKNNA_score,CKNNA_time,MutualNN_score,MutualNN_time,SVCCA_score,SVCCA_time,PWCCA_score,PWCCA_time,Kendall_RDM_score,Kendall_RDM_time,OrthogonalProcrustes_score,OrthogonalProcrustes_time
varying_n,1000,500,1,1000,random,0.5017374127634648,0.8573033809661865,0.3330421623595048,0.08574342727661133,3.139087785313612e-06,0.27115893363952637,0.003000000026077032,0.13561296463012695,0.6367903231067735,1.723151683807373,0.7373228304125644,1.4850823879241943,0.5031397683742374,0.333418607711792,0.5682298521198492,0.40510988235473633
varying_n,1000,500,2,1001,random,0.49961584630722905,0.7275824546813965,0.3334814324760401,0.06871843338012695,2.001992205699083e-07,0.3172025680541992,0.0009000000427477062,0.1377866268157959,0.636662285281331,1.5575032234191895,0.7378791923451411,1.5375308990478516,0.4994682160774345,0.3110835552215576,0.5683594280295987,0.46497678756713867
varying_n,1000,500,3,1002,random,0.49959902387357297,0.7017385959625244,0.3340525552297284,0.0740349292755127,2.677762372507721e-06,0.2974586486816406,0.0029000004287809134,0.12986421585083008,0.6372094690926421,1.8247709274291992,0.7365242039656188,1.6774346828460693,0.49925647391779654,0.35434746742248535,0.568812054713183,0.6021637916564941
varying_n,1000,500,4,1003,random,0.49976013287836935,0.8056347370147705,0.33381078588906243,0.1072549819946289,-6.450100580945288e-05,0.3022491931915283,0.010100000537931919,0.1191251277923584,0.6370632795605935,2.127786874771118,0.737419464799883,2.244074583053589,0.499484506185909,0.4545936584472656,0.5686312732872516,0.3862278461456299
varying_n,1000,500,5,1004,random,0.4982989241746757,0.7051496505737305,0.3335931820047589,0.06711149215698242,4.581118185901416e-07,0.34820556640625,0.0012000000569969416,0.13998031616210938,0.6365287099411682,2.486318826675415,0.7376348962804273,2.4794223308563232,0.49728975706530815,0.3621788024902344,0.5684157295476542,0.43955349922180176
varying_n,1100,500,1,1100,random,0.5003595299042726,0.9980638027191162,0.3122193854469422,0.0766899585723877,0.00017308095067662612,0.4104642868041992,0.02263636514544487,0.1502537727355957,0.6039530476640097,3.4748549461364746,0.7037022629713932,2.44330096244812,0.5008348859824195,0.41423892974853516,0.5448324751980408,0.39412498474121094
varying_n,1100,500,2,1101,random,0.501197847898276,0.8914165496826172,0.31241679546517026,0.3580780029296875,0.006249994479891905,0.3405451774597168,0.014363637194037437,0.1584618091583252,0.6027440310813025,1.9063663482666016,0.7040481276171637,1.7901043891906738,0.5018602202233512,0.3980422019958496,0.5446482677780108,0.5213897228240967
varying_n,1100,500,3,1102,random,0.4980691052592483,0.9437336921691895,0.3129890453544823,0.13186287879943848,8.377487548436155e-05,0.37036991119384766,0.015727272257208824,0.15878939628601074,0.6033772077559695,2.471979856491089,0.705239980181439,3.4508891105651855,0.49667528222230833,0.45149850845336914,0.5453721183091556,0.6171436309814453
varying_n,1100,500,4,1103,random,0.5022509089763971,1.018385648727417,0.31511541505585844,0.135911226272583,-0.00013153667757717392,0.31308746337890625,0.015636363998055458,0.14271187782287598,0.6042273384215038,2.481959581375122,0.7056793035276862,3.640719413757324,0.5030548894702994,0.4304521083831787,0.5465816198910324,0.3650543689727783
varying_n,1100,500,5,1104,random,0.49909118331693253,0.9834699630737305,0.3123345193224374,0.09854984283447266,1.2671209170409335e-05,0.34833312034606934,0.006545454729348421,0.15360021591186523,0.6028248506969315,2.9032580852508545,0.7042705609297832,2.68910813331604,0.4983058357848834,0.45572590827941895,0.5443691895590198,0.4933927059173584
varying_n,1200,500,1,1200,random,0.49688187916753107,1.213836669921875,0.2945022481418197,0.1426074504852295,4.542981310100824e-06,0.33189940452575684,0.00566666666418314,0.1591506004333496,0.574096472851346,3.046602487564087,0.6740150054231654,3.271864652633667,0.49476314997193643,0.463958740234375,0.5237960795490905,0.6250553131103516
varying_n,1200,500,2,1201,random,0.4995682510884836,0.9735291004180908,0.2936500826698041,0.3242180347442627,-2.2626598725270415e-05,0.41745901107788086,0.004166666883975267,0.16716432571411133,0.5744503285230464,1.941190481185913,0.675143432502578,2.3927481174468994,0.4994744228287647,0.4878244400024414,0.5232511317766234,0.6310081481933594
varying_n,1200,500,3,1202,random,0.5019201901696043,1.0006747245788574,0.2937980437769263,0.3151509761810303,-3.3471927327652464e-05,0.40180444717407227,0.012666666880249977,0.1951134204864502,0.5742254167555098,1.955397605895996,0.6747647695099284,3.4814531803131104,0.503498483323585,0.660844087600708,0.5232331344591726,0.6702218055725098
varying_n,1200,500,4,1203,random,0.5033794241909066,1.216362476348877,0.2936668235705894,0.3626735210418701,-6.013562400690421e-06,0.3693821430206299,0.003666666802018881,0.15654683113098145,0.5749598491177497,4.175626039505005,0.6756820488454854,4.550616264343262,0.5059691760366851,0.622535228729248,0.523664191129873,1.2211613655090332
varying_n,1200,500,5,1204,random,0.49993528042056934,1.1916284561157227,0.2952017277788311,0.1901991367340088,-8.013574214246279e-06,0.41576457023620605,0.011916667222976685,0.1750335693359375,0.57611256534066,4.465967416763306,0.6766154186854167,3.9953761100769043,0.4997268684339573,0.5050618648529053,0.5250961153258927,0.5067973136901855
varying_n,1300,500,1,1300,random,0.5007316338102732,1.5666768550872803,0.27688528297124676,0.32167506217956543,1.4233986589929486e-05,0.4584052562713623,0.00784615334123373,0.2021961212158203,0.5500652522203667,3.915163516998291,0.6478768029645737,3.907484292984009,0.5017051721100658,0.6031613349914551,0.5047531650797337,1.1921463012695312
varying_n,1300,500,2,1301,random,0.5009998227135268,1.1726012229919434,0.27723299544419916,0.31522464752197266,2.9649233196930815e-06,0.4831516742706299,0.0035384614020586014,0.1900632381439209,0.5492682085494307,4.2150280475616455,0.6483948719970393,4.66188383102417,0.5019028716336487,0.6452102661132812,0.5047791963460859,0.6837797164916992
varying_n,1300,500,3,1302,random,0.4972093092643451,1.1941020488739014,0.2791605518840568,0.2760436534881592,3.787271729599081e-06,0.385425329208374,0.0035384618677198887,0.18898582458496094,0.5501417132209705,2.5969555377960205,0.6490620945477354,3.2371325492858887,0.49485678791479343,0.6238253116607666,0.5060822326947174,0.6515867710113525
varying_n,1300,500,4,1303,random,0.5005430577564292,1.1787478923797607,0.2776579935121464,0.09837651252746582,2.4788665268458463e-06,0.4066812992095947,0.0033076920080929995,0.17650866508483887,0.549570762255227,3.293403148651123,0.648979688310267,4.6296069622039795,0.5010104926486479,0.783764123916626,0.5047957647626241,0.6937899589538574
varying_n,1300,500,5,1304,random,0.49792321533974176,1.381932258605957,0.27773394206125673,0.1924138069152832,2.941654403445414e-06,0.5008871555328369,0.0031538463663309813,0.1729135513305664,0.550648767027642,4.2524964809417725,0.6491427707301177,3.120243549346924,0.49633194475395553,0.5613460540771484,0.5055436961159128,0.8851401805877686
varying_n,1400,500,1,1400,random,0.5019523828514922,1.1595022678375244,0.26407226692670943,0.16954517364501953,4.547363302007474e-06,0.4539673328399658,0.003928571939468384,0.25032591819763184,0.5272714958108097,3.3067588806152344,0.6248669151334534,3.4496960639953613,0.5031824677394001,0.6752793788909912,0.4885240954875027,0.6203532218933105
varying_n,1400,500,2,1401,random,0.49881761037160205,1.0993835926055908,0.2637185066245124,0.21691274642944336,0.004901520673790859,0.42928099632263184,0.002214285545051098,0.1582331657409668,0.5278862949754685,4.508662939071655,0.6258648777234085,3.7921688556671143,0.4980708640103039,0.7012858390808105,0.4885306681447933,0.8526289463043213
varying_n,1400,500,3,1402,random,0.5009614141484086,1.242553472518921,0.26390840432202617,0.19574880599975586,2.69319518375051e-06,0.47531914710998535,0.003142857225611806,0.21471643447875977,0.5277356483114009,3.4559969902038574,0.624941178528342,2.9157865047454834,0.5014619061375796,0.6928980350494385,0.4887181078602678,0.40876102447509766
varying_n,1400,500,4,1403,random,0.499534462807877,1.3012568950653076,0.2620997806791933,0.24103188514709473,1.094645394324542e-06,0.4264707565307617,0.001928571262396872,0.22648978233337402,0.5281470523066171,3.6947214603424072,0.6251178216208748,3.160254716873169,0.4995997500450015,0.6861433982849121,0.4879935147146263,0.4216127395629883
varying_n,1400,500,5,1404,random,0.5001331722594765,1.1149365901947021,0.26282175221984244,0.43376708030700684,3.018640239380032e-06,0.4839479923248291,0.003071428742259741,0.22973918914794922,0.5270097152905007,4.205347776412964,0.6244820571497797,2.3749048709869385,0.5001547779895195,0.7088570594787598,0.4878848805605134,0.5354828834533691
varying_n,1500,500,1,1500,random,0.5023127110701008,1.484431505203247,0.24997169884298115,0.1523430347442627,1.3534714856733792e-06,0.49646663665771484,0.0022000002209097147,0.2284250259399414,0.5081856360820318,2.2188284397125244,0.6034280919591688,3.667595863342285,0.504003568241313,0.8760817050933838,0.47288645299184884,1.2584376335144043
varying_n,1500,500,2,1501,random,0.4986551307161309,1.4612383842468262,0.25019331736588757,0.2742276191711426,1.0142094407039766e-05,0.4680466651916504,0.007066667545586824,0.21700096130371094,0.507862462051168,3.839874505996704,0.6047310548918439,3.241945505142212,0.4977029799627347,0.9360041618347168,0.47276986068476956,0.8091013431549072
varying_n,1500,500,3,1502,random,0.4973751128552398,1.521843671798706,0.2500396879018636,0.44106197357177734,-1.207721845310964e-05,0.5424706935882568,0.00573333352804184,0.24258685111999512,0.5082554767395674,3.4024152755737305,0.6038893942985806,3.4684391021728516,0.4953834401919775,0.8283283710479736,0.4730068263840312,0.7934291362762451
varying_n,1500,500,4,1503,random,0.5013851679193932,1.5617945194244385,0.24998186802571387,0.21005725860595703,5.545838435734592e-06,0.5441653728485107,0.005933333188295364,0.22147870063781738,0.5086070084548304,3.8361153602600098,0.6043000878489547,3.619819164276123,0.5022687825952539,0.7806024551391602,0.47308238605242076,0.646538257598877
varying_n,1500,500,5,1504,random,0.500616410940627,1.3747987747192383,0.24948187023219554,0.1387498378753662,2.491392638270573e-06,0.48145055770874023,0.0034000002779066563,0.2766382694244385,0.5080232742515146,2.809091806411743,0.6041229942017848,4.4455246925354,0.5012628480683617,0.8016269207000732,0.4725909769880808,0.6255052089691162
varying_n,1600,500,1,1600,random,0.4997250339699171,1.5128891468048096,0.23740915712942037,0.3998405933380127,-7.986956360205448e-07,0.5130410194396973,0.0031250002793967724,0.24168610572814941,0.49048625523230693,3.745192050933838,0.5845682950197896,2.9841625690460205,0.4998702345516453,0.9363715648651123,0.45837659719553325,0.7443141937255859
varying_n,1600,500,2,1601,random,0.4986397278962681,1.388169765472412,0.2381263554483641,0.1290886402130127,2.469698036391113e-07,0.5180153846740723,0.0009375000954605639,0.2717404365539551,0.4914443580415889,3.2554214000701904,0.5848919917260172,3.2751548290252686,0.49770655796432056,0.8949270248413086,0.4592312485226327,0.7082798480987549
varying_n,1600,500,3,1602,random,0.49911883434264687,1.5496621131896973,0.2384521184510712,0.2980046272277832,-3.187775706044506e-06,0.5226986408233643,0.006375000346451998,0.2597033977508545,0.4911245654436639,2.486344337463379,0.5859782099501979,3.057251453399658,0.498449269561056,0.8581359386444092,0.45934507525802754,0.5908968448638916
varying_n,1600,500,4,1603,random,0.5013054197867722,1.4166045188903809,0.2369274957502167,0.1290264129638672,1.8190679730359066e-05,0.6073412895202637,0.008437500335276127,0.24717926979064941,0.4912749020775143,3.319117546081543,0.5854168071796682,3.387575626373291,0.5026543730191764,1.0745391845703125,0.4584901583856123,0.43932580947875977
varying_n,1600,500,5,1604,random,0.5014475714640173,1.5561459064483643,0.2371989089450461,0.1379551887512207,6.272579215711827e-06,0.6003878116607666,0.010562499985098839,0.280193567276001,0.49090647455904446,3.2950634956359863,0.5847915459469131,4.05930233001709,0.502767626567552,0.8956098556518555,0.45878049384983954,0.658076286315918
varying_n,1700,500,1,1700,random,0.5020971298566285,1.384643793106079,0.22762307307547527,0.4757230281829834,2.4055587839007496e-06,0.5835866928100586,0.0031176467891782522,0.27609944343566895,0.47583845449385875,3.1829710006713867,0.5683512612245677,3.272000789642334,0.503641511848159,1.0349712371826172,0.4465418766601371,0.7409987449645996
varying_n,1700,500,2,1701,random,0.5012159010233684,1.2954976558685303,0.22755666359093832,0.203765869140625,-2.2333851771019522e-05,0.49240851402282715,0.0074705881997942924,0.2611076831817627,0.47517538166145856,3.7820963859558105,0.5669740649242099,3.179600238800049,0.5020562244619989,1.0404620170593262,0.4463488723113573,0.8228216171264648
varying_n,1700,500,3,1702,random,0.4994148334205827,1.6044936180114746,0.2268480131759635,0.21930527687072754,1.3680244980891866e-05,0.6355090141296387,0.008764705620706081,0.27356624603271484,0.47545125184796677,3.2414791584014893,0.567936673464086,3.007478952407837,0.4991788893927222,1.1438844203948975,0.4461461223733045,0.7875452041625977
varying_n,1700,500,4,1703,random,0.4998082548792462,1.5120480060577393,0.22594001380989875,0.3516509532928467,2.7644230928356294e-06,0.7204091548919678,0.0033529410138726234,0.27456235885620117,0.47462281248553273,3.7235779762268066,0.5668878815205542,3.395996332168579,0.4999445939546058,1.0043046474456787,0.44520820338778205,1.0081305503845215
varying_n,1700,500,5,1704,random,0.49779994402501265,1.319880723953247,0.22637309437260153,0.21448206901550293,9.162071426640484e-07,0.54891037940979,0.0017058823723345995,0.26785898208618164,0.4743051743571429,2.876722574234009,0.5662835335281398,2.935999870300293,0.49651100901896517,1.1298460960388184,0.44520051271851363,0.38852500915527344
varying_n,1800,500,1,1800,random,0.49915340262710667,1.7197821140289307,0.2164856219392915,0.16969561576843262,3.6630589058277244e-06,0.710277795791626,0.004000000189989805,0.3237323760986328,0.4612899248110642,3.715876340866089,0.5517357283971949,3.9999544620513916,0.4988157013110833,1.3092281818389893,0.4339424712867185,0.8728640079498291
varying_n,1800,500,2,1801,random,0.499837158396063,2.016456127166748,0.21743771236420495,0.3626854419708252,2.973229976712025e-07,0.6618316173553467,0.0011666667414829135,0.30367064476013184,0.4610812006513722,2.529709815979004,0.5521280095830343,2.78658390045166,0.4996568979209471,1.1436634063720703,0.4341638839729401,0.9704163074493408
varying_n,1800,500,3,1802,random,0.4986814781746461,1.9168510437011719,0.21745593696846766,0.32139039039611816,0.0007124858228418371,0.6013619899749756,0.053000010550022125,0.2792394161224365,0.46109953937652215,4.146064281463623,0.5523641389599278,3.369821310043335,0.4977196345905435,1.2172081470489502,0.43466148717225356,0.4842262268066406
varying_n,1800,500,4,1803,random,0.4981975677035038,1.487708568572998,0.21757453622269585,0.31605029106140137,0.00010996521298864157,0.7595474720001221,0.021166667342185974,0.3121159076690674,0.4606443855933146,2.007232427597046,0.5514835042482709,3.125248670578003,0.49689911690289756,1.276582956314087,0.434408521832855,0.6785805225372314
varying_n,1800,500,5,1804,random,0.501416994871222,2.0138988494873047,0.21763937718365114,0.14705848693847656,0.00020570543019807937,0.582421064376831,0.03150000423192978,0.23257184028625488,0.4610083738016367,5.557326793670654,0.5532224343888126,3.4563348293304443,0.5023876796974048,1.1890816688537598,0.43463847223035923,0.8321788311004639
varying_n,1900,500,1,1900,random,0.49953734965079305,1.9944708347320557,0.2080255342751168,0.201460599899292,2.657233756985057e-06,0.7035579681396484,0.003578947391360998,0.33648014068603516,0.44778370756928304,2.9210071563720703,0.5363816276734502,3.6503803730010986,0.4991576514186112,1.337568998336792,0.42338526788524894,0.8798747062683105
varying_n,1900,500,2,1901,random,0.49980550084753983,1.8635756969451904,0.2086271651885037,0.5392765998840332,1.105815705353162e-05,0.8391819000244141,0.007157894782721996,0.31202030181884766,0.44788622212150303,3.5358893871307373,0.5359104812586906,4.114027500152588,0.4996139372038538,1.4657237529754639,0.423767572494353,0.7531962394714355
varying_n,1900,500,3,1902,random,0.499034131698001,1.5025274753570557,0.2082368832820849,0.2521369457244873,-5.474795108388958e-07,0.7757258415222168,0.0030000002589076757,0.3022420406341553,0.44735271238312724,3.6429529190063477,0.537054034316935,3.1713974475860596,0.49836077651774485,1.2356255054473877,0.42319275810305534,1.054460048675537
varying_n,1900,500,4,1903,random,0.499551174942435,1.9817793369293213,0.20815586073672526,0.24142074584960938,2.90601616598328e-07,0.6870803833007812,0.0010526316473260522,0.35701775550842285,0.44802267302945004,3.8097493648529053,0.5369194075309196,2.9647903442382812,0.49928626232523515,1.234302043914795,0.4233602515243926,0.9635953903198242
varying_n,1900,500,5,1904,random,0.49979892946058113,1.6618866920471191,0.2085774184834409,0.40670299530029297,-1.6068866070003524e-05,0.6567459106445312,0.0026315790601074696,0.2795445919036865,0.4485996796350378,4.06334376335144,0.5369500364706946,3.335608720779419,0.49962986984751534,1.2898342609405518,0.4240432321667274,0.6573100090026855
varying_n,2000,500,1,2000,random,0.49969405824033136,2.0132241249084473,0.20044860892561958,0.40406250953674316,7.5348544971967065e-06,0.7734813690185547,0.005800000391900539,0.27632761001586914,0.4362557269042404,2.481440782546997,0.5231944713404248,4.400716543197632,0.49932061645077475,1.3888273239135742,0.41391107878446365,0.8625121116638184
varying_n,2000,500,2,2001,random,0.49948796670607576,2.0532381534576416,0.19978031980741234,0.5652964115142822,8.956483649486845e-07,0.8041272163391113,0.002300000051036477,0.281451940536499,0.43540677908116143,2.0917792320251465,0.5234705739104303,3.215076446533203,0.4992674633714204,1.437892198562622,0.4128128306159909,0.8150033950805664
varying_n,2000,500,3,2002,random,0.5005582488441418,1.9677784442901611,0.19992903104129803,0.4010655879974365,1.5395273991087748e-07,0.7983782291412354,0.0008500000694766641,0.31255555152893066,0.4364865792805371,3.101224184036255,0.5240442565298075,3.170194625854492,0.5010849587226911,1.3248474597930908,0.4138266670097956,0.9363658428192139
varying_n,2000,500,4,2003,random,0.5022782802812817,2.195376396179199,0.20033378377691644,0.6124210357666016,-1.0214255288327633e-05,0.7462646961212158,0.0017000000225380063,0.31406354904174805,0.4364029576400699,4.342612266540527,0.5237398075330046,3.691293239593506,0.5037979747017459,1.489539623260498,0.41397549497051067,0.5082495212554932
varying_n,2000,500,5,2004,random,0.4988184487639215,2.2238638401031494,0.19973163751940975,0.4373307228088379,-6.315403557384869e-06,0.780890941619873,0.002849999815225601,0.3351900577545166,0.43555064017743567,2.6835169792175293,0.5222718195641224,3.441100597381592,0.49804835708816536,1.4188694953918457,0.4130028087417367,0.8981714248657227
varying_d,2000,50,1,500000,random,0.5000278377426952,1.076775312423706,0.02412251354269387,0.007958650588989258,1.9421379194577735e-06,0.8170554637908936,0.0024999999441206455,0.21718215942382812,0.1330463724821015,0.046216726303100586,0.18189033595072265,0.07918953895568848,0.5000985278504578,1.2546474933624268,0.13267457234892593,0.0048980712890625
varying_d,2000,50,2,500001,random,0.4999841717655625,1.2074353694915771,0.024847474367034984,0.009685039520263672,6.78749768542945e-07,0.830601692199707,0.0014999998966231942,0.18638062477111816,0.1366837256736966,0.07721877098083496,0.18086481762864698,0.1286787986755371,0.49982283935010424,1.2589623928070068,0.13638901058532438,0.005376100540161133
varying_d,2000,50,3,500002,random,0.4999401552628166,1.1967453956604004,0.02399319877742333,0.018922090530395508,3.542852353513474e-05,0.7336633205413818,0.01654999889433384,0.2028818130493164,0.13273739898773418,0.05395364761352539,0.1783752746473123,0.13390636444091797,0.49997653229793687,1.1902663707733154,0.1321476411921709,0.0046727657318115234
varying_d,2000,50,4,500003,random,0.5010862696112821,1.1950697898864746,0.02371915009809041,0.007324934005737305,2.8758650859954997e-07,0.7794878482818604,0.0010999999940395355,0.1808912754058838,0.13221999843788257,0.07950496673583984,0.1818939873449617,0.09437680244445801,0.5020158957877577,1.2097070217132568,0.13136794263670962,0.0037441253662109375
varying_d,2000,50,5,500004,random,0.5014008613415817,1.2340023517608643,0.024337479772602234,0.007847309112548828,6.315330803716669e-07,0.6891055107116699,0.0016500001074746251,0.18526387214660645,0.1346068234430392,0.08252382278442383,0.1816271313429786,0.13193559646606445,0.5023246550976803,1.1928870677947998,0.1338737789640224,0.0053522586822509766
varying_d,2000,100,1,1000000,random,0.4986334994323989,1.0533580780029297,0.04723049123412799,0.014327049255371094,-2.4548275883677797e-05,0.7502048015594482,0.007700000423938036,0.2524254322052002,0.18821847595450636,0.12435340881347656,0.24820736785234235,0.2232222557067871,0.49780570100547933,1.3452186584472656,0.1864600514874141,0.007128477096557617
varying_d,2000,100,2,1000001,random,0.5007039580851487,1.389237642288208,0.04767442282006536,0.016402482986450195,3.2982253010702574e-06,0.7518558502197266,0.004000000189989805,0.17427349090576172,0.19029646959061491,0.0919487476348877,0.2500094280177198,0.3001525402069092,0.5011133589700314,1.2630510330200195,0.18856791184624427,0.00749969482421875
varying_d,2000,100,3,1000002,random,0.49937620637145397,1.3077583312988281,0.04737182113527903,0.11608719825744629,1.1133091748411154e-06,0.8559780120849609,0.002300000051036477,0.1937241554260254,0.18947131150481805,0.5740921497344971,0.2470253702464309,0.5434973239898682,0.4990133399129946,1.3732552528381348,0.18777295881302328,0.00975346565246582
varying_d,2000,100,4,1000003,random,0.5002164415541104,1.3390607833862305,0.04729408489146173,0.029319286346435547,2.721386051082036e-06,0.7967150211334229,0.003950000274926424,0.20642805099487305,0.18971965270796157,0.3010227680206299,0.24852872995616343,0.5018680095672607,0.5004697249537676,1.1830108165740967,0.18776576788114496,0.008701801300048828
varying_d,2000,100,5,1000004,random,0.5004996204308361,1.2697210311889648,0.04793686642914719,0.0477147102355957,7.918174128904214e-07,0.8145391941070557,0.001650000223889947,0.19480371475219727,0.19051924734856743,0.19310688972473145,0.2517750975139033,0.48526811599731445,0.5007477837645236,1.2814545631408691,0.18893331310282602,0.00935053825378418
varying_d,2000,150,1,1500000,random,0.5005189621837945,1.305140495300293,0.06954598992456129,0.05084514617919922,9.024623299065305e-07,0.800678014755249,0.0018000000854954123,0.2404310703277588,0.23380306838255513,0.34267640113830566,0.3027617123763787,0.6671476364135742,0.5009180385137939,1.2199511528015137,0.230049347013876,0.03251910209655762
varying_d,2000,150,2,1500001,random,0.49731022292928245,1.3870513439178467,0.07047803226575246,0.13105106353759766,1.150421380646552e-06,0.7241356372833252,0.0020500002428889275,0.2289581298828125,0.2343983925961371,0.8376562595367432,0.30377164230653725,0.8068735599517822,0.4950944327771117,1.2967469692230225,0.23115686649110131,0.07461237907409668
varying_d,2000,150,3,1500002,random,0.4997397449976239,1.4294302463531494,0.0685211223685123,0.02789902687072754,1.2991235374882632e-07,0.7250964641571045,0.000750000006519258,0.25278568267822266,0.23213625068229884,0.682147741317749,0.2995410517022085,0.9217703342437744,0.49993231437597146,1.354219913482666,0.22859251776610892,0.10202813148498535
varying_d,2000,150,4,1500003,random,0.49870595132401035,1.5292513370513916,0.068458405971291,0.030208587646484375,1.359303181539903e-06,0.8355846405029297,0.0026000002399086952,0.20017170906066895,0.23137078947289638,0.8436110019683838,0.29956890596259567,0.7682332992553711,0.4981339548222775,1.2242398262023926,0.227852620950345,0.014818906784057617
varying_d,2000,150,5,1500004,random,0.4988886062150194,1.3271923065185547,0.0687654714911473,0.06953287124633789,8.91459512893899e-07,0.7870876789093018,0.002050000010058284,0.24732351303100586,0.23295582758654712,0.17267155647277832,0.29927684956221406,0.8697936534881592,0.4983049232143689,1.4259052276611328,0.2292110351965184,0.0344393253326416
varying_d,2000,200,1,2000000,random,0.5009868262459558,1.4530813694000244,0.09157781188106064,0.04780101776123047,7.997975299753745e-05,0.8646314144134521,0.018450001254677773,0.3163759708404541,0.27105973347246815,1.163994550704956,0.34576687281133933,0.5437088012695312,0.5014887622480665,1.3065953254699707,0.26600383712919373,0.3612797260284424
varying_d,2000,200,2,2000001,random,0.499952074886292,1.4735727310180664,0.09175689619469528,0.12042808532714844,1.2212083077539269e-06,0.8050141334533691,0.0026000000070780516,0.28657102584838867,0.2716491239047975,0.7800536155700684,0.3445164888369482,0.765690803527832,0.49971630719434207,1.2683887481689453,0.2663996747080337,0.20833063125610352
varying_d,2000,200,3,2000002,random,0.5013267364412938,1.441154956817627,0.09160314715366595,0.1721055507659912,1.1370328388438505e-07,0.7325506210327148,0.000800000037997961,0.27102160453796387,0.27151897999378316,0.3874061107635498,0.34619978925179395,1.0612587928771973,0.5022175366860158,1.378394365310669,0.2661608118691558,0.34384918212890625
varying_d,2000,200,4,2000003,random,0.5018386330302288,1.4107444286346436,0.09082606039319581,0.10327339172363281,1.4425894909833753e-06,0.7886879444122314,0.002699999837204814,0.3153805732727051,0.2717476207656405,0.846923828125,0.3439031831353596,0.2979884147644043,0.5032590014078434,1.210160732269287,0.26571341832604767,0.07880830764770508
varying_d,2000,200,5,2000004,random,0.5000250956308986,1.3866498470306396,0.09241376150170898,0.0483088493347168,1.8680051265466438e-05,0.7349765300750732,0.010050000622868538,0.27745866775512695,0.2725467433584695,0.9281349182128906,0.3471441894747322,0.8710582256317139,0.49972240887754915,1.4224634170532227,0.26730346516021253,0.08062529563903809
varying_d,2000,250,1,2500000,random,0.5003413586172466,1.6704530715942383,0.11041496551976215,0.18872904777526855,1.224424351299892e-06,0.7453086376190186,0.0024999999441206455,0.25629401206970215,0.30237670484860185,0.8757362365722656,0.37707857775050097,1.2698314189910889,0.5007740208591709,1.3272297382354736,0.29459492421387556,0.6311252117156982
varying_d,2000,250,2,2500001,random,0.49912337074443125,1.5780301094055176,0.11157592056934894,0.0949258804321289,4.465235931804365e-09,0.8480758666992188,0.0001500000071246177,0.28377366065979004,0.30396529353244395,0.9361894130706787,0.3816007078113232,1.0585219860076904,0.4985109280331374,1.435887336730957,0.2967067400895618,0.2786564826965332
varying_d,2000,250,3,2500002,random,0.49873889547376293,1.5505855083465576,0.1105863699878939,0.23961114883422852,1.2100500123388046e-07,0.7614548206329346,0.000750000006519258,0.337857723236084,0.3029505570471607,1.0797779560089111,0.37938379781609516,1.6120119094848633,0.4979140778909319,1.4732296466827393,0.2953233878056281,0.5581521987915039
varying_d,2000,250,4,2500003,random,0.4981740647601078,1.5229933261871338,0.11139007689245567,0.20399951934814453,2.76021182531329e-06,0.7754819393157959,0.0032999999821186066,0.31337666511535645,0.30497518455218425,1.1766393184661865,0.3824377268538811,1.4709291458129883,0.49670343265183414,1.2734358310699463,0.2968573990043295,0.5343024730682373
varying_d,2000,250,5,2500004,random,0.5007523594129397,1.6703453063964844,0.11056157719369146,0.1827073097229004,3.0285491087514963e-06,0.7761521339416504,0.003100000089034438,0.2712404727935791,0.30373746401380075,1.043583869934082,0.38057912213529005,1.0649921894073486,0.5014810968432472,1.259307861328125,0.2953140353760785,0.3144187927246094
varying_d,2000,300,1,3000000,random,0.5002774164860208,1.755244493484497,0.13096990347937676,0.18032503128051758,1.4534590733690777e-07,0.722240686416626,0.0008999999845400453,0.2963297367095947,0.3343656572412331,2.0720126628875732,0.41407237061575497,1.3425624370574951,0.5003795053271085,1.3529870510101318,0.3244677118555775,0.1802058219909668
varying_d,2000,300,2,3000001,random,0.49963212186673917,1.668912649154663,0.12934322099560172,0.13176894187927246,1.250735610693435e-05,0.787703275680542,0.00930000003427267,0.30094003677368164,0.3325667211432215,1.0917222499847412,0.4113647472988377,1.1418192386627197,0.499720216758883,1.3777446746826172,0.32233659437344586,0.27410030364990234
varying_d,2000,300,3,3000002,random,0.4988310514115917,1.5545001029968262,0.1306408240908197,0.07333540916442871,3.5003517672506815e-06,0.7217614650726318,0.003950000274926424,0.28185367584228516,0.33374017938895195,0.9983010292053223,0.4139730268448282,1.0341708660125732,0.4979779253783652,1.2999882698059082,0.32347216629275577,0.5240693092346191
varying_d,2000,300,4,3000003,random,0.5004394091440114,1.6534981727600098,0.1304795996355626,0.18273377418518066,6.649143109350059e-06,0.7825703620910645,0.005750000011175871,0.2804744243621826,0.3331647794538943,1.118441104888916,0.4120759823117669,1.2651824951171875,0.5008198653110725,1.5433928966522217,0.3234396468853528,0.31184983253479004
varying_d,2000,300,5,3000004,random,0.5016927264933768,1.6997039318084717,0.1305164917356233,0.11772561073303223,5.2763413626543165e-06,0.7391448020935059,0.0052000004798173904,0.34894847869873047,0.3340705686084323,1.219336748123169,0.4124900669031234,1.1326119899749756,0.5029422858261621,1.3551952838897705,0.323923335890664,0.17084884643554688
varying_d,2000,350,1,3500000,random,0.5008404189582278,1.6083991527557373,0.1483281542176194,0.20843148231506348,1.3207449264027854e-07,0.768207311630249,0.000800000096205622,0.3262944221496582,0.36129677587900777,1.4847183227539062,0.44375834002417747,1.9737906455993652,0.5015744748190442,1.331061601638794,0.34809700009510397,0.28421974182128906
varying_d,2000,350,2,3500001,random,0.5014549416850568,2.0080347061157227,0.15057309663690072,0.08062195777893066,2.521882079557893e-07,0.7394304275512695,0.0010000001639127731,0.329059362411499,0.36266082078867856,1.5440165996551514,0.44481861753929347,2.1730637550354004,0.5020288795172299,1.3784000873565674,0.3502317773012742,0.4564809799194336
varying_d,2000,350,3,3500002,random,0.5011558875033112,1.4619779586791992,0.14920675132189334,0.2969484329223633,1.0079530025914373e-06,0.7663624286651611,0.002199999988079071,0.2871413230895996,0.3616090140621172,1.8369591236114502,0.44412866040761045,2.583479166030884,0.5019798676831551,1.4290192127227783,0.3488471073645399,0.15981507301330566
varying_d,2000,350,4,3500003,random,0.49912965291454536,2.026179552078247,0.14791366094772423,0.30143284797668457,1.2150742957988018e-07,0.717430830001831,0.0007000000332482159,0.3438453674316406,0.3615495880688682,1.5492832660675049,0.44217581143124257,1.6384696960449219,0.49878779830906167,1.3672819137573242,0.3479834977888292,0.5663022994995117
varying_d,2000,350,5,3500004,random,0.4999573928605945,1.839676856994629,0.14885559217018204,0.25484538078308105,5.203390253691512e-07,0.7846658229827881,0.0017000000225380063,0.3262767791748047,0.3612828996432681,1.5247972011566162,0.44335648361908947,1.9262733459472656,0.4999550281859542,1.3632400035858154,0.3484079057956867,0.30214428901672363
varying_d,2000,400,1,4000000,random,0.4990293540163475,2.007472515106201,0.1664334411989324,0.27523279190063477,-7.145425304403329e-06,0.7620589733123779,0.010100000537931919,0.27924203872680664,0.3868993724960302,2.0348713397979736,0.47133653693336797,1.5526463985443115,0.4985513294361307,1.4925475120544434,0.3712273075874071,0.6523089408874512
varying_d,2000,400,2,4000001,random,0.5023654825410704,1.8536288738250732,0.16617409449085088,0.09739017486572266,7.321288016194224e-07,0.6851215362548828,0.0017000000225380063,0.39055371284484863,0.3875893647949144,2.2909996509552,0.4710313596747417,2.5559189319610596,0.5041662696076334,1.3650352954864502,0.3713529525280205,0.8170044422149658
varying_d,2000,400,3,4000002,random,0.5003210363940729,1.8472728729248047,0.16731330612762466,0.3829681873321533,4.924639611722492e-06,0.7471325397491455,0.00484999967738986,0.3122570514678955,0.38782086437801866,1.7326724529266357,0.4721417765468628,2.6610655784606934,0.500478882033134,1.4150238037109375,0.3721793000112453,0.706139326095581
varying_d,2000,400,4,4000003,random,0.5004961479738869,1.7546665668487549,0.16523245704666484,0.25304365158081055,2.82165967235191e-07,0.6404693126678467,0.0010500000789761543,0.3170297145843506,0.38688153193383956,3.2120585441589355,0.47049293066830655,2.3189456462860107,0.5012183492555383,1.3830592632293701,0.3705000065502674,0.6126503944396973
varying_d,2000,400,5,4000004,random,0.5003987589390291,2.1169238090515137,0.16596175877121286,0.24518322944641113,7.246679050591121e-07,0.8592753410339355,0.0016500001074746251,0.27425622940063477,0.38696828915065895,1.3035917282104492,0.4707103854830952,2.8796489238739014,0.5009373207963923,1.3580784797668457,0.37112573623355005,0.7732675075531006
varying_d,2000,450,1,4500000,random,0.4996179578778378,2.0190234184265137,0.18301008386811118,0.2654128074645996,1.8763276242710552e-06,0.7773556709289551,0.0029500003438442945,0.3386549949645996,0.4117161174304319,2.784041404724121,0.49732477578610557,3.156346559524536,0.49947768144249344,1.5085740089416504,0.39251560966045224,0.5734524726867676
varying_d,2000,450,2,4500001,random,0.49903530218562736,2.037219285964966,0.18318227479613633,0.19033098220825195,5.232360836391216e-05,0.7103569507598877,0.020600000396370888,0.3392636775970459,0.4121357816891155,2.606273889541626,0.496951524789074,2.4237172603607178,0.49845790476362534,1.386446475982666,0.39262379271552866,0.806159496307373
varying_d,2000,450,3,4500002,random,0.4984857716646111,2.0487430095672607,0.1834602000485839,0.1765291690826416,3.1345180001991975e-06,0.7314071655273438,0.0035000001080334187,0.3567807674407959,0.41215440296472755,1.9675884246826172,0.4978629887050754,3.4470155239105225,0.4975907512105006,1.3980236053466797,0.3930274329707969,0.5065579414367676
varying_d,2000,450,4,4500003,random,0.4996431977249886,1.9444842338562012,0.18338970862112924,0.20150375366210938,1.998138142458767e-06,0.6585216522216797,0.017150001600384712,0.2946796417236328,0.4126505870604035,2.4068658351898193,0.4979102684425427,2.6545732021331787,0.49954354683733815,1.6733543872833252,0.3932351361902755,0.7374801635742188
varying_d,2000,450,5,4500004,random,0.499453536077348,2.0455732345581055,0.18410520904766894,0.19838237762451172,0.004413839340168614,0.8727753162384033,0.004699999932199717,0.3481111526489258,0.4125760027726782,2.909451723098755,0.49784310676038757,3.0653600692749023,0.49900465696037344,1.3437039852142334,0.39361666342272816,1.2153449058532715
varying_d,2000,500,1,5000000,random,0.4982311874155296,1.9936060905456543,0.20066939060530262,0.23685145378112793,5.905686939192579e-06,0.7919209003448486,0.010250000283122063,0.3657090663909912,0.43679733729199277,5.14391827583313,0.5237907287610146,7.128654956817627,0.49669183621500107,1.7200942039489746,0.4141460998344285,1.086294412612915
varying_d,2000,500,2,5000001,random,0.5003290912222879,2.144595146179199,0.19989412897600847,0.30452609062194824,3.20671432418801e-07,0.878920316696167,0.0011500000255182385,0.36564016342163086,0.43612542547978306,3.4365580081939697,0.5233624913743127,4.788282155990601,0.500471466126375,1.7923486232757568,0.4134145856365312,0.5557155609130859
varying_d,2000,500,3,5000002,random,0.4998277316836596,1.8714094161987305,0.19987529045523822,0.1968398094177246,1.4015201787405865e-07,0.659888744354248,0.0009000001009553671,0.32058167457580566,0.4359797722842666,3.0414793491363525,0.5222336083473808,3.8939218521118164,0.49971857758379856,1.4087233543395996,0.4133971856786618,0.3560831546783447
varying_d,2000,500,4,5000003,random,0.4993608005203803,2.0349068641662598,0.19985859260987074,0.30081629753112793,1.0264127523429936e-06,0.7319345474243164,0.002199999988079071,0.38468456268310547,0.43566003640995504,3.5922811031341553,0.5220437515035915,3.972684383392334,0.49902773417785445,1.504056453704834,0.41300397808245104,0.5308194160461426
varying_d,2000,500,5,5000004,random,0.5012319420470996,2.035376787185669,0.199396643968951,0.2666301727294922,1.162921918437519e-05,0.7097022533416748,0.007400000002235174,0.3494374752044678,0.43530245009666674,4.069037675857544,0.5218485405565406,4.286580801010132,0.5022704891572118,1.4735782146453857,0.41290076507738904,0.5603888034820557
