experiment,n_points,dim,k_outliers,sigma,run,seed,case,TSI_score,TSI_time,CKA_score,CKA_time,CKNNA_score,CKNNA_time,SVCCA_score,SVCCA_time,PWCCA_score,PWCCA_time,Kendall_RDM_score,Kendall_RDM_time,OrthogonalProcrustes_score,OrthogonalProcrustes_time
varying_sigma_pc,2000,500,20,0,1,0,outliers_pc_direction,1.0,0.7007358074188232,1.0,0.08397245407104492,0.9999995218669375,0.38148927688598633,1.0000000000000002,0.5573327541351318,1.0000000000000024,0.7367630004882812,1.0,0.6562621593475342,1.0,0.05463981628417969
varying_sigma_pc,2000,500,20,0,2,1,outliers_pc_direction,1.0,0.7197256088256836,1.0,0.06310892105102539,0.9999996226051585,0.4159393310546875,0.9999999999999999,0.6107337474822998,1.000000000000002,0.65256667137146,1.0,0.681124210357666,0.9999999999999997,0.053717613220214844
varying_sigma_pc,2000,500,20,0,3,2,outliers_pc_direction,1.0,0.7482492923736572,1.0,0.04980301856994629,0.9999996098421606,0.4004354476928711,1.0000000000000002,0.45500826835632324,1.0000000000000027,0.5243487358093262,1.0,0.6856226921081543,1.0,0.05459427833557129
varying_sigma_pc,2000,500,20,0,4,3,outliers_pc_direction,1.0,0.6357486248016357,1.0,0.0953834056854248,0.9999995925177706,0.39169955253601074,0.9999999999999998,0.4397852420806885,1.0000000000000018,0.42154979705810547,0.9999999999997498,0.6553947925567627,0.9999999999999997,0.05306553840637207
varying_sigma_pc,2000,500,20,0,5,4,outliers_pc_direction,1.0,0.7110519409179688,1.0,0.0419921875,0.999999608246413,0.3898131847381592,1.0000000000000002,0.5273559093475342,1.0000000000000027,0.4074845314025879,1.0,0.6325926780700684,,0.05291008949279785
varying_sigma_pc,2000,500,20,5,1,5000,outliers_pc_direction,0.986790574216037,0.6410698890686035,0.9824004065465874,0.05688977241516113,0.7278298816108688,0.42531585693359375,0.9994266393952974,0.4281425476074219,0.999279704381107,0.5526790618896484,0.9791977807388846,0.6675682067871094,0.9972442644012938,0.05325818061828613
varying_sigma_pc,2000,500,20,5,2,5001,outliers_pc_direction,0.988182953839282,0.63271164894104,0.9827589640434358,0.0460352897644043,0.8612154412122491,0.40375208854675293,0.9994203518516579,0.42163562774658203,0.999305526088789,0.543480396270752,0.9817241677388497,0.6793828010559082,0.9972668342460099,0.05496788024902344
varying_sigma_pc,2000,500,20,5,3,5002,outliers_pc_direction,0.9882201085527749,0.7063841819763184,0.9830730341137454,0.06793045997619629,0.8196909850877142,0.6762495040893555,0.9994067948519789,0.7717795372009277,0.9992611232090217,1.0358045101165771,0.9817284984596522,0.801041841506958,0.9972600579619352,0.12289929389953613
varying_sigma_pc,2000,500,20,5,4,5003,outliers_pc_direction,0.9881090242318357,1.168851375579834,0.9825441683586842,0.11625313758850098,0.7908647658071062,0.6974959373474121,0.999427428973265,1.9884355068206787,0.9993040433218622,1.4493687152862549,0.9815498235341025,0.8194658756256104,0.9972574604578683,0.12021017074584961
varying_sigma_pc,2000,500,20,5,5,5004,outliers_pc_direction,0.9870524604143914,1.2695014476776123,0.9819866332309575,0.12150979042053223,0.8425591032050203,0.7202231884002686,0.9994421859748163,0.7637832164764404,0.9993023769551389,1.0699169635772705,0.9795010183977771,0.8140549659729004,0.9972393995364935,0.11979150772094727
varying_sigma_pc,2000,500,20,10,1,10000,outliers_pc_direction,0.9853869422198587,1.1546645164489746,0.8735217625490985,0.1235499382019043,0.5937363686838077,0.7215874195098877,0.9989160888611358,0.9128341674804688,0.9986676408649781,1.0212585926055908,0.9782819672211425,0.7910308837890625,0.9892047212501154,0.11997437477111816
varying_sigma_pc,2000,500,20,10,2,10001,outliers_pc_direction,0.9867991395597698,1.1566085815429688,0.8758648714318379,0.11194491386413574,0.48955771105513446,0.6024117469787598,0.9988894946795426,0.769719123840332,0.9986194604619901,1.1640880107879639,0.9809680192269898,0.7965178489685059,0.9891965819129418,0.12105607986450195
varying_sigma_pc,2000,500,20,10,3,10002,outliers_pc_direction,0.9870039188763551,1.0883114337921143,0.8730484510972768,0.1263139247894287,0.7522053654154005,0.7444162368774414,0.9989320592263632,0.7389147281646729,0.9986937959188703,1.1421139240264893,0.9812690308402807,0.8116781711578369,0.9892459761670119,0.11863207817077637
varying_sigma_pc,2000,500,20,10,4,10003,outliers_pc_direction,0.9859525052816699,1.1994197368621826,0.877588513817333,0.11854147911071777,0.7899153600413941,0.7417347431182861,0.9988511370007804,0.9521362781524658,0.9985910000130713,1.1510531902313232,0.9794961924891632,0.8075954914093018,0.9891360784862386,0.12165236473083496
varying_sigma_pc,2000,500,20,10,5,10004,outliers_pc_direction,0.9869089424592176,1.2210743427276611,0.8715148938328813,0.11425590515136719,0.37723690577475116,0.618934154510498,0.9989387827720463,1.1457533836364746,0.9987003009711439,0.9624080657958984,0.9809736905837629,0.8256387710571289,0.9891403597339824,0.15217351913452148
varying_sigma_pc,2000,500,20,15,1,15000,outliers_pc_direction,0.9853133150659413,1.1260886192321777,0.6594129942949342,0.13759613037109375,0.6592012852728051,0.713294267654419,0.9986232918123592,0.8662636280059814,0.9982905033449267,1.0456528663635254,0.979110899803751,0.7938683032989502,0.9759940714424865,0.1213691234588623
varying_sigma_pc,2000,500,20,15,2,15001,outliers_pc_direction,0.9856350848096721,1.2992453575134277,0.6521193444647305,0.13353300094604492,0.35721049116294057,0.5933945178985596,0.9987036939298802,0.9799261093139648,0.9983751604761164,1.0766963958740234,0.9793744659372101,0.8198642730712891,0.9758369780356041,0.12160491943359375
varying_sigma_pc,2000,500,20,15,3,15002,outliers_pc_direction,0.9867456017798689,1.1709449291229248,0.661302066749753,0.12781333923339844,0.6191257100374093,0.6366384029388428,0.9985938116311239,0.7378809452056885,0.9982643029843725,1.0244183540344238,0.9816886990688214,0.796044111251831,0.9760385509950327,0.11926150321960449
varying_sigma_pc,2000,500,20,15,4,15003,outliers_pc_direction,0.9861940917906401,1.1531176567077637,0.6559734655535271,0.15099382400512695,0.0344019646831334,0.7569599151611328,0.9986774360588313,1.7103111743927002,0.9983648365890796,1.0296180248260498,0.9804700545299261,0.8093752861022949,0.9760599804190151,0.12357234954833984
varying_sigma_pc,2000,500,20,15,5,15004,outliers_pc_direction,0.9854475140473139,1.060835838317871,0.6618624305065955,0.12208700180053711,0.664717731043797,0.7444007396697998,0.998602463934662,0.8146500587463379,0.9982520068899117,1.043349266052246,0.9793083084166667,0.8051457405090332,0.9760931934853616,0.2107698917388916
varying_sigma_pc,2000,500,20,20,1,20000,outliers_pc_direction,0.9857311335848105,1.1680800914764404,0.4597786224350951,0.12252330780029297,0.40898818760855654,0.6602602005004883,0.9984330390506975,1.1986219882965088,0.9980997141167696,1.575324535369873,0.9802343909990382,0.7935755252838135,0.9586081602433637,0.11819028854370117
varying_sigma_pc,2000,500,20,20,2,20001,outliers_pc_direction,0.9852468491503009,1.1835715770721436,0.46008569628929463,0.12036490440368652,0.03288581798804104,0.7260169982910156,0.9984183517732547,0.7484536170959473,0.9980543298417294,1.344947338104248,0.9794171294008289,0.7898252010345459,0.9585979864320802,0.11975932121276855
varying_sigma_pc,2000,500,20,20,3,20002,outliers_pc_direction,0.9855757488353787,1.2827258110046387,0.45380866372839096,0.11522746086120605,0.4564568355408331,0.6855695247650146,0.9984991018238609,0.7513525485992432,0.9981224472037395,1.1494557857513428,0.9797870846049292,0.8086042404174805,0.9580809709173127,0.11960363388061523
varying_sigma_pc,2000,500,20,20,4,20003,outliers_pc_direction,0.9857224743502883,1.1480743885040283,0.460672629917974,0.1212160587310791,0.38335962389221856,0.6106371879577637,0.9983864989627214,0.8846704959869385,0.9980113722908146,1.0374398231506348,0.980388000090994,0.7966625690460205,0.9583065416896015,0.12093353271484375
varying_sigma_pc,2000,500,20,20,5,20004,outliers_pc_direction,0.9860103029492724,1.1868224143981934,0.4564558172845053,0.14179205894470215,0.12220705238957674,0.6635732650756836,0.9984977861389991,0.8527674674987793,0.9981228330563556,1.0011777877807617,0.9805351766127731,0.8097913265228271,0.9584973783074737,0.11992073059082031
varying_sigma_pc,2000,500,20,25,1,25000,outliers_pc_direction,0.9864039502233599,1.2654099464416504,0.3196449016333902,0.12641692161560059,0.3993805833077871,0.7524616718292236,0.998386948585011,0.9835200309753418,0.9979969798897508,1.0257568359375,0.9815595596651652,0.7999074459075928,0.9371301185359221,0.1180429458618164
varying_sigma_pc,2000,500,20,25,2,25001,outliers_pc_direction,0.9852040945397623,1.2118139266967773,0.3204264117847425,0.12026667594909668,0.34441157168085934,0.6017580032348633,0.9983582209633983,1.092456579208374,0.9979425815775507,0.9889276027679443,0.9794774705610594,0.8124377727508545,0.9372676976075407,0.12524080276489258
varying_sigma_pc,2000,500,20,25,3,25002,outliers_pc_direction,0.9856822382662803,1.109485387802124,0.3210440686803926,0.1218268871307373,0.13388305454400024,0.6713387966156006,0.9983272479046231,1.7696056365966797,0.9978992598666077,1.0677318572998047,0.9803502763443259,0.7969918251037598,0.9371859190509675,0.12456536293029785
varying_sigma_pc,2000,500,20,25,4,25003,outliers_pc_direction,0.9854939028573346,1.24686598777771,0.31963804168814064,0.1275315284729004,0.3045817102340109,0.6776578426361084,0.998348121928676,0.7644035816192627,0.9979434986428221,1.0455946922302246,0.9800570587239744,0.8012251853942871,0.9369529958941683,0.12195682525634766
varying_sigma_pc,2000,500,20,25,5,25004,outliers_pc_direction,0.9856373053894315,1.3478021621704102,0.319564743176288,0.12559890747070312,0.05334095168128169,0.7279293537139893,0.9983749878604294,0.8833050727844238,0.9980016603524291,1.3197941780090332,0.9803374954632527,0.9110350608825684,0.9370225625356774,0.12011361122131348
varying_sigma_pc,2000,500,20,30,1,30000,outliers_pc_direction,0.9859718578007722,1.16255784034729,0.23293261719658762,0.14516067504882812,0.012329549293894175,0.8096709251403809,0.9983102549493021,0.7335703372955322,0.9978806444849704,1.023911714553833,0.9810523167440601,0.8296091556549072,0.9128758216766669,0.11928892135620117
varying_sigma_pc,2000,500,20,30,2,30001,outliers_pc_direction,0.9861749966574879,1.1309144496917725,0.23168687029258184,0.1168365478515625,0.1733988108816217,0.6926093101501465,0.9983607782286225,0.8325302600860596,0.9979350173943735,1.0573465824127197,0.9813671326936351,0.7891368865966797,0.9125823253476018,0.11913156509399414
varying_sigma_pc,2000,500,20,30,3,30002,outliers_pc_direction,0.9847805251474586,1.221940279006958,0.23328380611818983,0.11412310600280762,0.13588026037160358,0.7011940479278564,0.9983149077533199,0.7493896484375,0.9978905107264024,1.2380731105804443,0.9787189384014563,0.8098211288452148,0.9130475583487342,0.12337017059326172
varying_sigma_pc,2000,500,20,30,4,30003,outliers_pc_direction,0.9856679608573056,1.178398609161377,0.23258243419749208,0.11925697326660156,0.038450317795997245,0.6226694583892822,0.9983309034303426,0.7680301666259766,0.9979045937660493,1.2696082592010498,0.9805192266333101,0.7925674915313721,0.9127921625825633,0.19268798828125
varying_sigma_pc,2000,500,20,30,5,30004,outliers_pc_direction,0.9865109967396111,1.108241319656372,0.23204820355883196,0.11681842803955078,0.25561017417499454,0.7410786151885986,0.9983084606614911,0.9012014865875244,0.9978934823494985,1.0130879878997803,0.9821068782429359,0.792313814163208,0.9124726582213009,0.11879801750183105
varying_sigma_pc,2000,500,20,35,1,35000,outliers_pc_direction,0.9853509855528365,1.21453857421875,0.17658413465243647,0.13079142570495605,0.15686400855587626,0.5898599624633789,0.9982226951620452,0.9412827491760254,0.9977692136195625,1.0526881217956543,0.9801840733142866,0.7853128910064697,0.8864596130287261,0.11954855918884277
varying_sigma_pc,2000,500,20,35,2,35001,outliers_pc_direction,0.9858836390167055,1.2616384029388428,0.17623330885061916,0.11705803871154785,0.057420602939628376,0.5985796451568604,0.9982303441364487,1.071946382522583,0.9977884057605468,0.9917395114898682,0.981075118686197,0.8203439712524414,0.8862367258052866,0.1200408935546875
varying_sigma_pc,2000,500,20,35,3,35002,outliers_pc_direction,0.9856355099471658,1.1651105880737305,0.1756393135697071,0.11776089668273926,0.19851516381418266,0.7302823066711426,0.998262812980251,1.5841307640075684,0.9978493902205389,1.0784640312194824,0.9805800578617312,0.8085041046142578,0.8859003517043699,0.12040352821350098
varying_sigma_pc,2000,500,20,35,4,35003,outliers_pc_direction,0.985998797196396,1.2006292343139648,0.17653478984004134,0.1313319206237793,0.20632252469686274,0.593052864074707,0.9982287873967969,0.7576310634613037,0.9978275931434909,1.0704078674316406,0.9812366308311797,0.7949655055999756,0.8863742190455997,0.12163543701171875
varying_sigma_pc,2000,500,20,35,5,35004,outliers_pc_direction,0.9860792485832506,1.292337417602539,0.1759111164007759,0.11669301986694336,-4.1636497691850494e-06,0.6079671382904053,0.9982561272542818,1.1810801029205322,0.9978749554942575,1.048372745513916,0.9813645493696659,0.8063364028930664,0.8861353231675388,0.12308740615844727
varying_sigma_pc,2000,500,20,40,1,40000,outliers_pc_direction,0.9861494919131237,1.253561019897461,0.13845807124962164,0.11760616302490234,0.02254395261866378,0.6173076629638672,0.998236675639372,0.8062019348144531,0.9977742670628629,1.03786301612854,0.9816311987961881,0.7960004806518555,0.8585655643767091,0.12082386016845703
varying_sigma_pc,2000,500,20,40,2,40001,outliers_pc_direction,0.9854539504486978,1.2900216579437256,0.13725747916309256,0.1126394271850586,0.0031935107732608565,0.584064245223999,0.9982517680517194,1.75392484664917,0.9978527276544121,1.052582025527954,0.9802811579041233,0.7980401515960693,0.8577581175019242,0.1647193431854248
varying_sigma_pc,2000,500,20,40,3,40002,outliers_pc_direction,0.986316704898996,1.2106618881225586,0.14003443703707563,0.1273050308227539,0.07825405421799676,0.6456136703491211,0.998171836771598,0.820159912109375,0.9977210438502018,1.1357922554016113,0.9820013277325641,0.822697639465332,0.8594515215373111,0.12621569633483887
varying_sigma_pc,2000,500,20,40,4,40003,outliers_pc_direction,0.9867268641828422,1.2077574729919434,0.13815270128953264,0.11922478675842285,0.01530090246220187,0.6753206253051758,0.9982770858502302,0.7198855876922607,0.9978440803247695,1.148636817932129,0.982524040495875,0.7949550151824951,0.8581787707336994,0.12495708465576172
varying_sigma_pc,2000,500,20,40,5,40004,outliers_pc_direction,0.9853658571027255,1.3123884201049805,0.13873198646139065,0.11783266067504883,0.15132177850422127,0.6296100616455078,0.998194328594322,0.7934701442718506,0.9977265575026355,1.1293361186981201,0.9802290383670694,0.8002290725708008,0.8588381570852998,0.12086629867553711
varying_sigma_pc,2000,500,20,45,1,45000,outliers_pc_direction,0.9855729982108171,1.0735254287719727,0.11165398198045728,0.1192469596862793,0.037165609382079356,0.713982343673706,0.9982455088167935,1.0788094997406006,0.9978387413631062,1.0618174076080322,0.9805570871397723,0.8096020221710205,0.8294158205561298,0.1200098991394043
varying_sigma_pc,2000,500,20,45,2,45001,outliers_pc_direction,0.9849568553045291,1.3473718166351318,0.11202480611429898,0.12147998809814453,3.0120755366993987e-05,0.7513978481292725,0.9982443005942045,0.9449727535247803,0.997809725313006,1.2508430480957031,0.9794374731836926,0.7879199981689453,0.8297900828448771,0.12032294273376465
varying_sigma_pc,2000,500,20,45,3,45002,outliers_pc_direction,0.9855046484703813,1.1639471054077148,0.11332620737148916,0.11495089530944824,0.11224177506264883,0.6696531772613525,0.9982036683687049,0.7698571681976318,0.9977239514234597,1.0013861656188965,0.9804497773666986,0.8045506477355957,0.8306796331959149,0.12036395072937012
varying_sigma_pc,2000,500,20,45,4,45003,outliers_pc_direction,0.9863045857262965,1.231881856918335,0.11237410824953642,0.11890983581542969,0.06825764531464795,0.6858041286468506,0.9982012541391069,0.7680342197418213,0.9977541070973422,1.0179476737976074,0.9820028889671887,0.8344159126281738,0.8301638557528707,0.13450193405151367
varying_sigma_pc,2000,500,20,45,5,45004,outliers_pc_direction,0.9850847703631596,1.46639084815979,0.11189368042446192,0.12087845802307129,0.12301329813358719,0.7133805751800537,0.9981802770573941,0.8011982440948486,0.9977384846974834,1.028080701828003,0.9798870765128102,0.8064365386962891,0.8298196104947587,0.12198543548583984
varying_sigma_pc,2000,500,20,50,1,50000,outliers_pc_direction,0.9854721722723223,1.2854881286621094,0.09241947500295258,0.11336708068847656,0.09674117302779411,0.6445353031158447,0.9982252205939476,0.741804838180542,0.9978268706717655,0.9919931888580322,0.9803963690610542,0.80159592628479,0.8007654749864982,0.1372065544128418
varying_sigma_pc,2000,500,20,50,2,50001,outliers_pc_direction,0.9847336979300461,1.0918326377868652,0.09213038369299884,0.11161470413208008,0.002751976165720729,0.6623635292053223,0.9982069403975203,1.206411361694336,0.9977493073431626,1.2271676063537598,0.9790660718766281,0.8131318092346191,0.800696827546864,0.12978172302246094
varying_sigma_pc,2000,500,20,50,3,50002,outliers_pc_direction,0.9846493850028117,1.0485432147979736,0.09327659581243333,0.12065887451171875,0.0690377490360412,0.7388973236083984,0.9981667577173596,0.7342832088470459,0.9977323267095061,1.0634589195251465,0.9789762749707955,0.7933306694030762,0.8015238570545171,0.11999130249023438
varying_sigma_pc,2000,500,20,50,4,50003,outliers_pc_direction,0.9841535735335135,1.0529823303222656,0.09318774407264449,0.12218046188354492,0.044993921800027155,0.730809211730957,0.9982227803178125,1.2028069496154785,0.9977732512384383,1.4305121898651123,0.9777845312204071,0.8136985301971436,0.8011647622934808,0.11916947364807129
varying_sigma_pc,2000,500,20,50,5,50004,outliers_pc_direction,0.9850000996494244,1.2225284576416016,0.0929065337940543,0.11922502517700195,0.08256059024877345,0.7032289505004883,0.9981410639992544,1.9052205085754395,0.9976742148812981,1.0761973857879639,0.9795460836768113,0.8248655796051025,0.8014204098589334,0.1273200511932373
varying_sigma_pc,2000,500,20,55,1,55000,outliers_pc_direction,0.9850267453546593,1.1115307807922363,0.07842318196411463,0.11905288696289062,0.05764473160237424,0.6273691654205322,0.998198203009976,1.0160279273986816,0.9978026892928218,1.0147943496704102,0.9796071004077811,0.7904055118560791,0.772680396416062,0.11975288391113281
varying_sigma_pc,2000,500,20,55,2,55001,outliers_pc_direction,0.9858346510592634,1.2660102844238281,0.07857472438989384,0.11435723304748535,0.05000013700109663,0.6234486103057861,0.9982398930445789,0.9339792728424072,0.9977374948146109,1.3022065162658691,0.9811380689396724,0.7929520606994629,0.7723610446102707,0.12093567848205566
varying_sigma_pc,2000,500,20,55,3,55002,outliers_pc_direction,0.9850549616650167,1.1595594882965088,0.07998436655099167,0.4253883361816406,0.06835540301555725,0.6723732948303223,0.9982248474510574,0.8583133220672607,0.9978070386395471,1.1477482318878174,0.9795625275983396,0.812293529510498,0.7732340018409748,0.12435603141784668
varying_sigma_pc,2000,500,20,55,4,55003,outliers_pc_direction,0.9865622202993388,1.2466857433319092,0.07916194270791498,0.1226203441619873,0.08358846662042999,0.6982378959655762,0.9981017607332899,0.7512943744659424,0.9976582764961948,1.0491673946380615,0.9826472878379982,0.8149302005767822,0.7735639155723759,0.12795662879943848
varying_sigma_pc,2000,500,20,55,5,55004,outliers_pc_direction,0.9853701285076973,1.1731882095336914,0.07835877734049758,0.12055015563964844,0.07426478387366564,0.6691012382507324,0.9982251999749985,0.7779395580291748,0.997799676423313,1.2979776859283447,0.9802930552989895,0.809096097946167,0.7721371299291973,0.160430908203125
varying_sigma_pc,2000,500,20,60,1,60000,outliers_pc_direction,0.9846679596054283,1.136425256729126,0.0679595734352745,0.207474946975708,0.0037548464349034354,0.7105371952056885,0.998050401818346,0.7652742862701416,0.9975446140382696,1.0570242404937744,0.979304984607027,0.8115737438201904,0.7458332743644062,0.11915302276611328
varying_sigma_pc,2000,500,20,60,2,60001,outliers_pc_direction,0.9850866802270004,1.3430941104888916,0.06830775388082529,0.13531279563903809,1.7176128433977967e-07,0.7039711475372314,0.9981975523417995,2.0473387241363525,0.9977180955842041,1.197556734085083,0.979725499090534,0.9843175411224365,0.7451852529543468,0.1222679615020752
varying_sigma_pc,2000,500,20,60,3,60002,outliers_pc_direction,0.9856881601461391,1.2401106357574463,0.06787515853998742,0.11767697334289551,0.07511697980516857,0.5685369968414307,0.9981526679941808,0.9863193035125732,0.9976503382025743,1.0350358486175537,0.9810581009111718,0.8175015449523926,0.7450626101351931,0.2433619499206543
varying_sigma_pc,2000,500,20,60,4,60003,outliers_pc_direction,0.9855954851800275,1.6727087497711182,0.06859546113797825,0.12339282035827637,0.02860200779133408,0.7149121761322021,0.9981360749410244,1.1390163898468018,0.9977227224540133,1.4334125518798828,0.9808990764434878,0.8193786144256592,0.7457522349219823,0.3542599678039551
varying_sigma_pc,2000,500,20,60,5,60004,outliers_pc_direction,0.9859933800734201,1.1589045524597168,0.06624134084665176,0.12800192832946777,0.0020241572323787776,0.7436201572418213,0.9981837520270527,0.9667007923126221,0.9977236262463336,1.2422115802764893,0.9815017793384078,0.7924087047576904,0.7436119465099449,0.12575006484985352
varying_sigma_pc,2000,500,20,65,1,65000,outliers_pc_direction,0.9860751607034749,1.1346709728240967,0.060185671291681286,0.11726856231689453,0.042166017312422525,0.6595790386199951,0.9981390550549305,1.1944916248321533,0.9977186091928838,1.1819024085998535,0.9816391422065823,0.9539964199066162,0.7186462139467676,0.12350916862487793
varying_sigma_pc,2000,500,20,65,2,65001,outliers_pc_direction,0.9856861994560844,1.2674145698547363,0.05983813554652391,0.12257623672485352,0.05659740703285785,0.7568023204803467,0.9981787993225548,1.8771493434906006,0.9977568226674445,1.1437852382659912,0.9809031121932454,0.8609199523925781,0.7182415957120254,0.1488018035888672
varying_sigma_pc,2000,500,20,65,3,65002,outliers_pc_direction,0.9866515858029115,1.303318738937378,0.05942216251807563,0.1387622356414795,0.02483551907928839,0.718116283416748,0.9981182771229337,1.3853285312652588,0.9976745368969797,1.1774475574493408,0.9827858552775449,0.8305840492248535,0.7183040000901328,0.12493658065795898
varying_sigma_pc,2000,500,20,65,4,65003,outliers_pc_direction,0.9851513922626979,1.130843162536621,0.05854009089253406,0.12047934532165527,0.03770501354323155,0.6629512310028076,0.9981594879835294,1.6591081619262695,0.9977415922509822,1.1361911296844482,0.9799256542727048,0.7949047088623047,0.7174504813637099,0.11945247650146484
varying_sigma_pc,2000,500,20,65,5,65004,outliers_pc_direction,0.9848756104779116,1.073667287826538,0.05931553807825573,0.11705327033996582,0.04942264276094023,0.7248399257659912,0.9981062853721535,0.7845170497894287,0.9976344989727207,1.019171953201294,0.9795705737610119,0.8046574592590332,0.7181305915881714,0.12844252586364746
varying_sigma_pc,2000,500,20,70,1,70000,outliers_pc_direction,0.9860045142691466,1.2470760345458984,0.0528269774951908,0.12237310409545898,0.049752452517966214,0.6901473999023438,0.9981416329140379,0.8665173053741455,0.9976938500104952,1.3373773097991943,0.9815874468743392,0.8385460376739502,0.692295741029954,0.23949813842773438
varying_sigma_pc,2000,500,20,70,2,70001,outliers_pc_direction,0.9855257593761846,1.450028896331787,0.05216212366918708,0.14156436920166016,0.004172403530142254,0.47229981422424316,0.9981301985243861,0.7401659488677979,0.9976794202275483,1.1926579475402832,0.9807906608913589,0.7925906181335449,0.6918095734453021,0.12003612518310547
varying_sigma_pc,2000,500,20,70,3,70002,outliers_pc_direction,0.9856415497538559,1.2143516540527344,0.05246683174272957,0.11824226379394531,0.0010013468437072375,0.693129301071167,0.9981977081724429,0.8057346343994141,0.9977694709170143,1.2317419052124023,0.9806788463498918,0.8865759372711182,0.6916769419332454,0.40772414207458496
varying_sigma_pc,2000,500,20,70,4,70003,outliers_pc_direction,0.9859785240468082,1.1083972454071045,0.05253767574096583,0.11722326278686523,0.0073432349875383095,0.6270856857299805,0.9981854777047615,0.9401593208312988,0.9977821699170067,1.0459239482879639,0.9813435744389967,0.8120880126953125,0.6917564515792254,0.12208056449890137
varying_sigma_pc,2000,500,20,70,5,70004,outliers_pc_direction,0.9855949919404147,1.252366065979004,0.05314429130869166,0.11755204200744629,0.009687490776049358,0.7134134769439697,0.9980945094471799,0.8082735538482666,0.9976255058259668,1.0271141529083252,0.9809340283255992,0.7969844341278076,0.6928699784764032,0.1316215991973877
varying_sigma_pc,2000,500,20,75,1,75000,outliers_pc_direction,0.9849250891712122,1.173670768737793,0.0476767727992761,0.14150643348693848,0.0026031886919343256,0.7089300155639648,0.9981077319489877,0.8025510311126709,0.9975806677642678,1.0329797267913818,0.9797465506843854,0.8102567195892334,0.6676924715839375,0.12226223945617676
varying_sigma_pc,2000,500,20,75,2,75001,outliers_pc_direction,0.9850453472481987,1.3044548034667969,0.04746755318516551,0.13399338722229004,0.04682037212874219,0.7139534950256348,0.9981187975763541,1.0993444919586182,0.9976742467151888,1.0395231246948242,0.979921402005876,0.8081233501434326,0.6672637876909843,0.11952590942382812
varying_sigma_pc,2000,500,20,75,3,75002,outliers_pc_direction,0.9842005374559152,1.1510653495788574,0.04750919792874387,0.13340091705322266,0.027794960712731298,0.6072030067443848,0.9981308983532814,1.7613399028778076,0.9976851105554352,1.0287353992462158,0.9782624651537044,0.8169558048248291,0.6674475654931138,0.12073373794555664
varying_sigma_pc,2000,500,20,75,4,75003,outliers_pc_direction,0.9855295981323995,1.1137669086456299,0.047108097575333976,0.13121771812438965,-0.00021010416145126107,0.7217764854431152,0.9980526096584483,0.759584903717041,0.9975527681843743,0.9719853401184082,0.9810146574853962,0.8188807964324951,0.6673863382424466,0.1273658275604248
varying_sigma_pc,2000,500,20,75,5,75004,outliers_pc_direction,0.9858989149229269,1.1895325183868408,0.047771852411786365,0.16084980964660645,0.0007603538188363594,0.7015249729156494,0.9981599952612441,1.8182895183563232,0.9976457017122786,1.0665686130523682,0.9812753516221412,0.7923274040222168,0.6675779103747121,0.12271428108215332
varying_sigma_pc,2000,500,20,80,1,80000,outliers_pc_direction,0.9849876006571855,1.1978375911712646,0.04240414534556939,0.13160133361816406,5.471406959887058e-07,0.6472833156585693,0.998035922251815,1.1304962635040283,0.9975503928216924,1.2569055557250977,0.9799578951085929,0.8018715381622314,0.6436370288109655,0.12451744079589844
varying_sigma_pc,2000,500,20,80,2,80001,outliers_pc_direction,0.986046649701227,1.2241432666778564,0.043257107613986406,0.1116182804107666,0.03253389934236403,0.6825783252716064,0.9981274564670908,1.2338917255401611,0.9976683744082261,1.1446642875671387,0.9816304345117127,0.786231517791748,0.6440054392240079,0.11993050575256348
varying_sigma_pc,2000,500,20,80,3,80002,outliers_pc_direction,0.9852799415223127,1.304335355758667,0.042233789755682566,0.11536073684692383,0.0324837189582661,0.7418415546417236,0.9981310285579269,1.1355667114257812,0.9976262386094307,1.259563684463501,0.9802091971659129,0.9110374450683594,0.6429959879339162,0.1246030330657959
varying_sigma_pc,2000,500,20,80,4,80003,outliers_pc_direction,0.9867668947086156,1.3366403579711914,0.04240909776937423,0.1137075424194336,0.033620171104239475,0.521686315536499,0.9982135830668323,1.20166015625,0.9978126042520798,1.1712145805358887,0.9828351238078801,0.7976343631744385,0.6428657222104645,0.1215662956237793
varying_sigma_pc,2000,500,20,80,5,80004,outliers_pc_direction,0.9851097290386935,1.1480302810668945,0.04296015300233113,0.11833786964416504,0.0032280682107318943,0.8035032749176025,0.9982203619598202,0.8046412467956543,0.9977261034116592,1.1531925201416016,0.9797969452235106,0.8240556716918945,0.6430217683316729,0.18276071548461914
varying_sigma_pc,2000,500,20,85,1,85000,outliers_pc_direction,0.9846125014459182,1.2556092739105225,0.03907820032782303,0.2655818462371826,0.003094978973969229,0.6960532665252686,0.9981401310963665,1.1824212074279785,0.9976365473449418,1.011014699935913,0.9790409099669342,0.811577558517456,0.6204838635490049,0.12435078620910645
varying_sigma_pc,2000,500,20,85,2,85001,outliers_pc_direction,0.986077961403124,1.276172399520874,0.03891089542353093,0.1343245506286621,0.01981350049566978,0.614835262298584,0.9981644715277428,1.0082828998565674,0.9977080461241,1.0316722393035889,0.981603484354825,0.8053321838378906,0.6203310486805688,0.12318849563598633
varying_sigma_pc,2000,500,20,85,3,85002,outliers_pc_direction,0.9859802729192424,1.1910879611968994,0.039305381449322246,0.130418062210083,0.00382155517030313,0.6565821170806885,0.9981655769971887,0.8714995384216309,0.9976782646650885,1.0428385734558105,0.9815609756865402,0.8024437427520752,0.620816700800512,0.12108135223388672
varying_sigma_pc,2000,500,20,85,4,85003,outliers_pc_direction,0.985877566410833,1.3545615673065186,0.03849627111093176,0.20626163482666016,0.013668947390308146,0.7505133152008057,0.9981524072535799,0.9494242668151855,0.9976994856118342,1.0495903491973877,0.981483470708205,0.7934796810150146,0.6202485871484225,0.12082719802856445
varying_sigma_pc,2000,500,20,85,5,85004,outliers_pc_direction,0.9851407498043316,1.1080348491668701,0.04011622294724656,0.16015076637268066,0.02445419841390048,0.6694028377532959,0.9981831515936976,0.8195548057556152,0.9977315187343221,1.037043571472168,0.9800172995713919,0.8162057399749756,0.6212317002094009,0.12128400802612305
varying_sigma_pc,2000,500,20,90,1,90000,outliers_pc_direction,0.9849540593620133,1.3779079914093018,0.03622932838701012,0.1329505443572998,0.024450932675602177,0.7717757225036621,0.9981259528020532,1.0640208721160889,0.997655282345115,2.001322031021118,0.979733053590921,0.8537425994873047,0.5993235904460996,0.12624049186706543
varying_sigma_pc,2000,500,20,90,2,90001,outliers_pc_direction,0.9857411703849923,1.2359764575958252,,,,,,,,,,,,
varying_sigma_pc,2000,500,20,90,3,90002,outliers_pc_direction,0.9855507874057149,1.2891924381256104,0.036270457445522104,0.1744530200958252,0.0052423679913920235,0.6590032577514648,0.9981316166763526,1.2172400951385498,0.9976244798906408,1.8045399188995361,0.9808608839294353,0.8316764831542969,0.5994228018591835,0.12074017524719238
varying_sigma_pc,2000,500,20,90,4,90003,outliers_pc_direction,0.9858553904079167,1.4164459705352783,0.0368358382097161,0.13302111625671387,0.02730547451720048,0.750396728515625,0.9980145859481083,2.1546578407287598,0.997487751276175,2.5102527141571045,0.9815322926383284,0.8544492721557617,0.6003078841699465,0.12973785400390625
varying_sigma_pc,2000,500,20,90,5,90004,outliers_pc_direction,0.9859571640174442,1.2036380767822266,0.0362260712463894,0.12561964988708496,0.0138419549850295,0.7286994457244873,0.9981379973532032,1.2263731956481934,0.9977180715986609,1.1426889896392822,0.981606538761995,0.8462162017822266,0.5992732506707182,0.12805700302124023
varying_sigma_pc,2000,500,20,95,1,95000,outliers_pc_direction,0.9856911013064089,1.4237473011016846,0.03312385780763123,0.11466526985168457,9.00079894143016e-07,0.6512496471405029,0.998077675271338,0.832892656326294,0.9975476600946047,1.0333824157714844,0.981147991811022,0.7942104339599609,0.5790252863231696,0.11847448348999023
varying_sigma_pc,2000,500,20,95,2,95001,outliers_pc_direction,0.9854333718410757,1.2992124557495117,0.03310349578587882,0.12722420692443848,0.02707377802153194,0.6369333267211914,0.9981015314519941,0.8823826313018799,0.9976282693099204,0.9793918132781982,0.9806496522264772,0.798790454864502,0.5788512743324027,0.12017035484313965
varying_sigma_pc,2000,500,20,95,3,95002,outliers_pc_direction,0.9850640024717063,1.2105076313018799,0.03350724469255304,0.4450695514678955,0.0026268443454873004,0.7112770080566406,0.9980250268378589,1.0550808906555176,0.9975642733561244,1.2947466373443604,0.9801901803323299,0.8555209636688232,0.5794269351532785,0.13208937644958496
varying_sigma_pc,2000,500,20,95,4,95003,outliers_pc_direction,0.9859908375108475,1.4038538932800293,0.03330698813923123,0.11290955543518066,0.03372969247249115,0.6059956550598145,0.9982042845151411,1.7164959907531738,0.9977684184562986,1.0385165214538574,0.9813908362160775,0.7938234806060791,0.5784246226263696,0.11959218978881836
varying_sigma_pc,2000,500,20,95,5,95004,outliers_pc_direction,0.9844535586111374,1.222904920578003,0.03254022092181178,0.1232142448425293,0.0037698135734874744,0.7371482849121094,0.9980839432202626,0.7562742233276367,0.9976047597378073,1.1080982685089111,0.9788851454440091,0.7902834415435791,0.5782054785881372,0.11974525451660156
varying_sigma_pc,2000,500,20,100,1,100000,outliers_pc_direction,0.9854804171354947,1.2501788139343262,0.03140517812722014,0.11877918243408203,0.007465252694229642,0.7521986961364746,0.9980593726454261,0.9367775917053223,0.9975785387029825,1.19822359085083,0.9808051337002824,0.8012471199035645,0.560291171699789,0.13148212432861328
varying_sigma_pc,2000,500,20,100,2,100001,outliers_pc_direction,0.985347635279101,1.2841076850891113,0.03055040963513206,0.1202707290649414,4.5940956680896616e-05,0.6694436073303223,0.9981507747414915,1.0874578952789307,0.9976556502253195,1.0702261924743652,0.9803747444500425,0.7988533973693848,0.5591101429567129,0.11942386627197266
varying_sigma_pc,2000,500,20,100,3,100002,outliers_pc_direction,0.9851958952449198,1.53536057472229,0.030551268219984964,0.11846733093261719,0.018945800331967716,0.7042891979217529,0.9981075162142902,0.8361034393310547,0.9975563499944256,1.1628494262695312,0.9801528263054738,0.8174958229064941,0.5591243276524489,0.12981033325195312
varying_sigma_pc,2000,500,20,100,4,100003,outliers_pc_direction,0.9852586711273554,1.4629631042480469,0.030399539209293162,0.12326383590698242,0.003601993363742067,0.7722618579864502,0.9981526858345249,1.794292688369751,0.9977041210013821,1.5498237609863281,0.9802230821468616,0.8169333934783936,0.5589200687135442,0.388594388961792
varying_sigma_pc,2000,500,20,100,5,100004,outliers_pc_direction,0.9845677623596583,1.3156309127807617,0.030002683131247952,0.16452717781066895,0.009993444381032234,0.5879836082458496,0.998064765996542,0.9609909057617188,0.9975734903283004,1.4995319843292236,0.9791100035657891,0.8144302368164062,0.5588445551437169,0.15909886360168457
varying_sigma_random,2000,500,20,0,1,0,outliers_random_direction,1.0,1.2634146213531494,1.0,0.12757110595703125,0.9999995218669375,0.6069269180297852,1.0000000000000002,0.9117043018341064,1.0000000000000024,1.1583025455474854,1.0,0.835747480392456,1.0,0.23475432395935059
varying_sigma_random,2000,500,20,0,2,1,outliers_random_direction,1.0,1.4800488948822021,1.0,0.11683464050292969,0.9999996226051585,0.6895568370819092,0.9999999999999999,1.1877155303955078,1.000000000000002,1.1681609153747559,1.0,0.8164632320404053,0.9999999999999997,0.1396481990814209
varying_sigma_random,2000,500,20,0,3,2,outliers_random_direction,1.0,1.4052300453186035,1.0,0.2290492057800293,0.9999996098421606,0.7184453010559082,1.0000000000000002,0.7387056350708008,1.0000000000000027,1.0217299461364746,1.0,0.7881758213043213,1.0,0.12284708023071289
varying_sigma_random,2000,500,20,0,4,3,outliers_random_direction,1.0,1.261141061782837,1.0,0.1202082633972168,0.9999995925177706,0.7184672355651855,0.9999999999999998,0.7475671768188477,1.0000000000000018,1.0125513076782227,0.9999999999997498,0.7969913482666016,0.9999999999999997,0.1244356632232666
varying_sigma_random,2000,500,20,0,5,4,outliers_random_direction,1.0,1.110215187072754,1.0,0.131577730178833,0.999999608246413,0.6121644973754883,1.0000000000000002,0.9892857074737549,1.0000000000000027,1.0450797080993652,1.0,0.7825508117675781,,0.12633872032165527
varying_sigma_random,2000,500,20,5,1,5000,outliers_random_direction,0.9874121114611359,1.2107272148132324,0.9879019567650921,0.12095522880554199,0.8618571915825718,0.6926920413970947,0.9990163662121634,0.9845132827758789,0.9993757442516434,1.0386478900909424,0.9791966673997674,0.7916638851165771,0.9973746345478565,0.12003087997436523
varying_sigma_random,2000,500,20,5,2,5001,outliers_random_direction,0.9888202840158818,1.1679551601409912,0.987973295825016,0.12224197387695312,0.8641005203420773,0.6471891403198242,0.9990600375952815,1.4168272018432617,0.999433330924121,1.336277723312378,0.9817139890671359,0.8133711814880371,0.9974046181714724,0.3183770179748535
varying_sigma_random,2000,500,20,5,3,5002,outliers_random_direction,0.9888360554150949,1.2177038192749023,0.9891814398060341,0.17036151885986328,0.7428237866181542,0.6854872703552246,0.9989409116690277,2.1072373390197754,0.9993358213461966,2.5255801677703857,0.981727676793781,1.1135170459747314,0.9974126852601668,0.13536381721496582
varying_sigma_random,2000,500,20,5,4,5003,outliers_random_direction,0.9887123434089418,1.4539861679077148,0.9887784545888231,0.14161300659179688,0.8282994858639654,0.6899411678314209,0.9989845641044374,1.8994975090026855,0.9993814693086898,1.1566922664642334,0.981557718694735,0.922327995300293,0.9974077904247685,0.49452733993530273
varying_sigma_random,2000,500,20,5,5,5004,outliers_random_direction,0.9875226507147468,1.2698454856872559,0.9885750681599352,0.3772885799407959,0.8022540098939172,0.7037599086761475,0.9989711475970311,1.1002497673034668,0.999375856551048,1.490785837173462,0.9795250074157864,0.864391565322876,0.9973824241190747,0.2802083492279053
varying_sigma_random,2000,500,20,10,1,10000,outliers_random_direction,0.9859371389899154,1.3624374866485596,0.891057830113458,0.1286478042602539,0.6166930527513537,0.6940007209777832,0.9985185850955468,1.3538379669189453,0.9990863330812148,1.5349719524383545,0.9782973811329039,0.8117043972015381,0.9896904342476137,0.13233709335327148
varying_sigma_random,2000,500,20,10,2,10001,outliers_random_direction,0.9873322411956729,1.3284947872161865,0.8914173526061661,0.13164806365966797,0.7709829535455465,0.7343337535858154,0.9985522256697507,0.9008848667144775,0.9991011376619847,1.1659536361694336,0.9809594438394605,0.8944940567016602,0.9896841210931951,0.19922113418579102
varying_sigma_random,2000,500,20,10,3,10002,outliers_random_direction,0.9876339753961064,1.359689474105835,0.889824477807841,0.24107003211975098,0.4574299474444844,0.63470458984375,0.9985707147679657,0.7800047397613525,0.9991169111500157,1.1364223957061768,0.9812927645088768,0.8208749294281006,0.9897491343459295,0.12955260276794434
varying_sigma_random,2000,500,20,10,4,10003,outliers_random_direction,0.9865585750833374,1.300058364868164,0.8929145078246318,0.1287233829498291,0.6937806257646442,0.7424664497375488,0.9985143053295873,1.3072161674499512,0.9990959480557589,1.1657946109771729,0.9795166444722543,0.8135898113250732,0.989600208857072,0.1352229118347168
varying_sigma_random,2000,500,20,10,5,10004,outliers_random_direction,0.9873584840468282,1.168668508529663,0.8923733701362133,0.13845610618591309,0.7643834222676705,0.6057875156402588,0.9985553029498563,0.9621908664703369,0.999111665410103,1.2097463607788086,0.9810052395631217,0.9010436534881592,0.98966494684635,0.16750025749206543
varying_sigma_random,2000,500,20,15,1,15000,outliers_random_direction,0.9857526183011426,1.164015531539917,0.67353523405563,0.12349987030029297,0.5570476103252291,0.752636194229126,0.9984176631757268,0.828540563583374,0.9990168555686944,1.2907702922821045,0.9791141007975442,0.858450174331665,0.9767452455842904,0.13601994514465332
varying_sigma_random,2000,500,20,15,2,15001,outliers_random_direction,0.9859666928058624,1.1503422260284424,0.672940983884614,0.1304948329925537,0.5242459595177503,0.5513198375701904,0.9983721616536032,1.0217573642730713,0.9989652677884754,1.3123388290405273,0.9793786208336441,0.8059585094451904,0.9766767245709548,0.15378475189208984
varying_sigma_random,2000,500,20,15,3,15002,outliers_random_direction,0.9871891739162875,1.3829009532928467,0.6723296796785863,0.12082815170288086,0.0803245707124869,0.6717410087585449,0.9983991634485548,1.0223746299743652,0.9990355443016774,1.219172716140747,0.9817044362964795,0.8085870742797852,0.9767292366154082,0.19738531112670898
varying_sigma_random,2000,500,20,15,4,15003,outliers_random_direction,0.9865915189827146,1.233241081237793,0.673274159950062,0.13815808296203613,0.5165677314726982,0.6144492626190186,0.9984130846786654,1.1953985691070557,0.9989988425016425,1.3221802711486816,0.9804919965319081,0.873396635055542,0.9768787774939163,0.19000577926635742
varying_sigma_random,2000,500,20,15,5,15004,outliers_random_direction,0.9859513983718586,1.2593903541564941,0.6738452241961478,0.11825728416442871,0.4811723032389796,0.7749309539794922,0.9983760644524079,0.851999044418335,0.9990310493213653,1.0614280700683594,0.9793163971544245,0.8163719177246094,0.9768212981887991,0.13340544700622559
varying_sigma_random,2000,500,20,20,1,20000,outliers_random_direction,0.9860982726097783,1.39599609375,0.4624253529556798,0.13105058670043945,0.4529218632213415,0.5785961151123047,0.9984123498700783,1.1729204654693604,0.9989792068600318,1.2038192749023438,0.9802504819610189,0.8133642673492432,0.9593369511616134,0.13031220436096191
varying_sigma_random,2000,500,20,20,2,20001,outliers_random_direction,0.9856473106423081,1.5852692127227783,0.4630856680679599,0.12171125411987305,0.5254879543913724,0.6545586585998535,0.9983465759520184,1.1691431999206543,0.9989581034641893,1.4572052955627441,0.9794291631956291,0.8075118064880371,0.9593769123802405,0.21571731567382812
varying_sigma_random,2000,500,20,20,3,20002,outliers_random_direction,0.9859101247320357,1.6312315464019775,0.46208377056592664,0.2039809226989746,0.00255711155099968,0.7158451080322266,0.9982907010577787,1.4223031997680664,0.9989216545215802,1.147087812423706,0.9798088842885574,0.8337452411651611,0.9589899990190227,0.13820838928222656
varying_sigma_random,2000,500,20,20,4,20003,outliers_random_direction,0.9862605314168595,1.5691955089569092,0.46528277384820615,0.16507601737976074,0.4695020722475647,0.7261769771575928,0.9982433924781899,0.8591229915618896,0.9989047404325712,1.3634834289550781,0.9804129115676923,0.8070893287658691,0.9592000375646306,0.13411855697631836
varying_sigma_random,2000,500,20,20,5,20004,outliers_random_direction,0.986182586288139,1.3207764625549316,0.4676520412428561,0.12423133850097656,0.38264455884414705,0.7184045314788818,0.998256277298562,1.370781660079956,0.9989271313078381,1.3125455379486084,0.9805429387603593,0.812206506729126,0.9597057908327093,0.259735107421875
varying_sigma_random,2000,500,20,25,1,25000,outliers_random_direction,0.9866102055031519,1.2452127933502197,0.32415250716447924,0.11721134185791016,0.3583170563331017,0.7236430644989014,0.9982139932106243,1.3647737503051758,0.9988594962481452,1.1718101501464844,0.9815644604601842,0.849609375,0.938331421913968,0.15834975242614746
varying_sigma_random,2000,500,20,25,2,25001,outliers_random_direction,0.9855824225926777,1.3622848987579346,0.32083937814920044,0.12925505638122559,0.2795243481991784,0.6129519939422607,0.9983499596249917,0.9553790092468262,0.9989603954966262,1.2696163654327393,0.9794896163593911,0.8700180053710938,0.9379772900891459,0.14539051055908203
varying_sigma_random,2000,500,20,25,3,25002,outliers_random_direction,0.9860397275714935,1.4324471950531006,0.32363688880075464,0.5878007411956787,0.21325009184713312,0.8611280918121338,0.9982288644830872,1.188065767288208,0.9989006236801646,2.1674768924713135,0.9803712779511778,0.9951236248016357,0.9382410028377569,0.1619250774383545
varying_sigma_random,2000,500,20,25,4,25003,outliers_random_direction,0.9858172682437315,1.6787605285644531,0.32188283530161793,0.12601852416992188,0.25590592243469773,0.7072849273681641,0.9982547575282725,1.0710093975067139,0.9988873389215829,1.6750373840332031,0.9800672398316248,0.8923723697662354,0.9378953540789076,0.13536477088928223
varying_sigma_random,2000,500,20,25,5,25004,outliers_random_direction,0.9860329436490016,1.6162762641906738,0.3207579203744927,0.13024210929870605,0.22523372575616013,0.6968479156494141,0.99836182760526,1.8002400398254395,0.9989957375317355,1.0901644229888916,0.9803384975115513,0.7911927700042725,0.9378098287310416,0.12586498260498047
varying_sigma_random,2000,500,20,30,1,30000,outliers_random_direction,0.9862250334376398,1.2082397937774658,0.23468700949528998,0.11549043655395508,0.23826319891848158,0.7588739395141602,0.9981928373096817,0.7879600524902344,0.9988785599041383,1.0203478336334229,0.9810566381800754,0.7923815250396729,0.9140405407335894,0.12040948867797852
varying_sigma_random,2000,500,20,30,2,30001,outliers_random_direction,0.9863641830925473,1.2092602252960205,0.23483749831187734,0.11709189414978027,0.1730608945069562,0.7792024612426758,0.9981796558880771,0.8359596729278564,0.9988521176110047,1.0142481327056885,0.9813719390516935,0.7933859825134277,0.9141228060952549,0.12164926528930664
varying_sigma_random,2000,500,20,30,3,30002,outliers_random_direction,0.9849518457927663,1.2556750774383545,0.23626805796605102,0.12029504776000977,0.02136789342346053,0.5413737297058105,0.9981418139884983,1.009394645690918,0.9988372177709459,1.0349602699279785,0.9787329954720376,0.8010871410369873,0.9146126779931144,0.11936688423156738
varying_sigma_random,2000,500,20,30,4,30003,outliers_random_direction,0.9860161226759526,1.3927655220031738,0.23465448290654944,0.11845207214355469,0.046783322586919765,0.663346529006958,0.9981843952020575,1.707451581954956,0.9988820032842815,1.0483665466308594,0.9805231967158843,0.8231801986694336,0.9140431832009377,0.12120532989501953
varying_sigma_random,2000,500,20,30,5,30004,outliers_random_direction,0.9867236005390082,1.2645366191864014,0.23467881893373627,0.13313055038452148,0.040713906538412045,0.7085063457489014,0.9981809776209848,0.7550363540649414,0.9988597697285581,1.0276706218719482,0.98209023925279,0.7948703765869141,0.9138561854615326,0.11996579170227051
varying_sigma_random,2000,500,20,35,1,35000,outliers_random_direction,0.9856305217173151,1.3258860111236572,0.17709582520852027,0.13552522659301758,0.13684048967042575,0.736213207244873,0.9981761793234735,0.7448694705963135,0.9988699406914259,1.0380513668060303,0.980172985549753,0.8123557567596436,0.8874612879978737,0.12161946296691895
varying_sigma_random,2000,500,20,35,2,35001,outliers_random_direction,0.9861747197422535,1.3642468452453613,0.1771359911858498,0.14962077140808105,0.15153573314254712,0.575911283493042,0.9982101461241043,0.7846992015838623,0.9988461732828404,1.001232624053955,0.9810821610998697,0.7893533706665039,0.887453751707874,0.11947035789489746
varying_sigma_random,2000,500,20,35,3,35002,outliers_random_direction,0.9858585168460106,1.1997570991516113,0.1769636163070949,0.17580223083496094,0.20455356076045125,0.6864714622497559,0.9981457480037093,0.7527291774749756,0.9988373402265543,0.9951093196868896,0.9805869692813769,0.7936921119689941,0.8872362415689184,0.11982488632202148
varying_sigma_random,2000,500,20,35,4,35003,outliers_random_direction,0.986195666151394,1.4768710136413574,0.1780428657638349,0.11949610710144043,0.09049878629618978,0.634840726852417,0.9980987934550157,1.320955753326416,0.9987938367251652,1.1596057415008545,0.9812406665744309,0.8131561279296875,0.8878690357911797,0.12093615531921387
varying_sigma_random,2000,500,20,35,5,35004,outliers_random_direction,0.986204154379492,1.257084608078003,0.17711246246742807,0.21839666366577148,0.1886822789451885,0.7498033046722412,0.9981942321055837,0.7383830547332764,0.9988479300974636,1.023078203201294,0.9813778609410618,0.8069560527801514,0.8875087278694481,0.1233828067779541
varying_sigma_random,2000,500,20,40,1,40000,outliers_random_direction,0.9862955401624737,1.2632901668548584,0.1393686630052517,0.1189107894897461,0.1771540243887674,0.6802663803100586,0.9981233199990139,0.8080456256866455,0.9988043545961115,1.0368940830230713,0.9816391193477177,0.7925450801849365,0.8601082506701043,0.11812853813171387
varying_sigma_random,2000,500,20,40,2,40001,outliers_random_direction,0.9856479218087523,1.2743408679962158,0.13831855694079517,0.11566329002380371,0.05949103431289059,0.7410211563110352,0.9981171054652682,0.8831989765167236,0.9988034511737759,0.9656970500946045,0.9802921970189953,0.8036975860595703,0.8593820967587956,0.12096452713012695
varying_sigma_random,2000,500,20,40,3,40002,outliers_random_direction,0.9865488344772987,1.404850959777832,0.14033459916903343,0.19202685356140137,0.1371692908588222,0.7567081451416016,0.9981991189383327,0.908759593963623,0.9988822318582411,1.2399790287017822,0.9819989137810097,0.802436351776123,0.8604269819983984,0.1207733154296875
varying_sigma_random,2000,500,20,40,4,40003,outliers_random_direction,0.9868357086451134,1.2850942611694336,0.139679164102408,0.12156295776367188,0.0070263719821504235,0.7435152530670166,0.9980763399154763,0.7476749420166016,0.9988349571751542,0.961052656173706,0.9825505348583544,0.8073370456695557,0.860322052371084,0.12290787696838379
varying_sigma_random,2000,500,20,40,5,40004,outliers_random_direction,0.9856417124978906,1.1722400188446045,0.13916894476906166,0.18188071250915527,0.0006196592666794059,0.6463747024536133,0.9981522175931276,0.7449281215667725,0.9988295137988543,1.006890058517456,0.9802629942494323,0.7963433265686035,0.8599021366270209,0.11887669563293457
varying_sigma_random,2000,500,20,45,1,45000,outliers_random_direction,0.9857517998238359,1.2248806953430176,0.11201700829987167,0.2805483341217041,0.12656162561204723,0.7450718879699707,0.9981850385865855,0.7874219417572021,0.9988948632273416,1.0367681980133057,0.9805522174999162,0.8081209659576416,0.8307163039941129,0.12122035026550293
varying_sigma_random,2000,500,20,45,2,45001,outliers_random_direction,0.9850932072642928,1.1559903621673584,0.11275003238010284,0.2655220031738281,0.11839643121966718,0.6152660846710205,0.998100378543714,1.2033846378326416,0.9988125160114909,1.3555517196655273,0.9794295018258439,0.7975425720214844,0.8315658602928767,0.1253218650817871
varying_sigma_random,2000,500,20,45,3,45002,outliers_random_direction,0.9856740337135534,1.3153188228607178,0.11377433576726673,0.12100768089294434,0.11208527413146432,0.7136926651000977,0.9981565688100066,0.7186121940612793,0.9988726871780512,1.1142816543579102,0.9804406915045673,0.8650779724121094,0.8319925930385063,0.11940932273864746
varying_sigma_random,2000,500,20,45,4,45003,outliers_random_direction,0.9865666506927138,1.2672159671783447,0.11291842788332183,0.12666726112365723,0.02745372739316682,0.6465389728546143,0.9980950529716704,0.7780270576477051,0.9988364165035915,1.0337116718292236,0.9820169221608872,0.7929344177246094,0.8315913015717515,0.12048768997192383
varying_sigma_random,2000,500,20,45,5,45004,outliers_random_direction,0.9853437431929177,1.2878353595733643,0.11251150003957637,0.11580634117126465,0.14058819845064546,0.7245697975158691,0.9980974313490936,0.7613487243652344,0.9988003869500675,1.182459831237793,0.9798953323381974,0.80403733253479,0.83135142299431,0.12029027938842773
varying_sigma_random,2000,500,20,50,1,50000,outliers_random_direction,0.9854931106694489,1.264503002166748,0.09297230194469885,0.18991994857788086,0.003937154537968434,0.6429271697998047,0.998051886620489,0.7819387912750244,0.9987926035889925,1.004483699798584,0.9803862676511215,0.7946007251739502,0.8027466845495045,0.11870622634887695
varying_sigma_random,2000,500,20,50,2,50001,outliers_random_direction,0.9848717321623774,1.316741704940796,0.09256763426074285,0.12301802635192871,0.0612021291377458,0.7188510894775391,0.9980818943497282,0.7009689807891846,0.9987757532754622,0.9598591327667236,0.979047846152352,0.8188450336456299,0.8023010855081123,0.11980462074279785
varying_sigma_random,2000,500,20,50,3,50002,outliers_random_direction,0.9847893721635592,1.2092838287353516,0.09369787221624766,0.12052536010742188,0.09265952087849719,0.7538564205169678,0.9980921162496901,0.7905101776123047,0.9988348670283429,0.9985940456390381,0.9789819622244695,0.8115780353546143,0.8030213814802494,0.11931562423706055
varying_sigma_random,2000,500,20,50,4,50003,outliers_random_direction,0.9842232199683425,1.1894316673278809,0.09341970648894234,0.1266345977783203,0.11220778786547701,0.7220802307128906,0.9981637805358407,1.195620059967041,0.9988371080746652,1.3686821460723877,0.9777980327818405,0.7928502559661865,0.802548591195769,0.11928462982177734
varying_sigma_random,2000,500,20,50,5,50004,outliers_random_direction,0.9851467590652183,1.391007900238037,0.09320610527529424,0.12790584564208984,0.10966506604436865,0.6957433223724365,0.9981430455030839,0.8292903900146484,0.998834890765682,1.0488994121551514,0.9795517581291808,0.7940211296081543,0.8025431535199362,0.11944317817687988
varying_sigma_random,2000,500,20,55,1,55000,outliers_random_direction,0.9850848852854855,1.2531371116638184,0.07878263487756532,0.183121919631958,0.002838500255970101,0.7739589214324951,0.9980485676784179,0.7388572692871094,0.9988158741530964,1.0447416305541992,0.9796001411858211,0.7890775203704834,0.7745857233537349,0.12240719795227051
varying_sigma_random,2000,500,20,55,2,55001,outliers_random_direction,0.9859302321330835,1.253000259399414,0.07881425106764016,0.18124151229858398,0.011045112991951378,0.6152486801147461,0.998096054367687,0.726747989654541,0.9988230900922639,1.004338026046753,0.9811317927549201,0.7967181205749512,0.774215010605621,0.11841201782226562
varying_sigma_random,2000,500,20,55,3,55002,outliers_random_direction,0.9850682030204291,1.217876672744751,0.08022536725825416,0.14207124710083008,0.05341602300272031,0.751624345779419,0.9980732780168288,0.796785831451416,0.9987482325295499,1.0297162532806396,0.9795802150031618,0.8043746948242188,0.7752320590052275,0.11947894096374512
varying_sigma_random,2000,500,20,55,4,55003,outliers_random_direction,0.9867875564408831,1.2102763652801514,0.0794727101190409,0.1192626953125,0.012456165938622425,0.6659731864929199,0.9981191669045172,0.7968237400054932,0.9988349158302023,1.0330722332000732,0.9826534463600582,0.7928762435913086,0.7744836924815738,0.11968994140625
varying_sigma_random,2000,500,20,55,5,55004,outliers_random_direction,0.9854249704932546,1.2794997692108154,0.07860122773778314,0.16325974464416504,0.0769313019226893,0.7489168643951416,0.9980897212612532,0.8400564193725586,0.9987588371367017,1.0325942039489746,0.9802857400288925,0.7889101505279541,0.7739771191330226,0.11852097511291504
varying_sigma_random,2000,500,20,60,1,60000,outliers_random_direction,0.9848522847509841,1.260331392288208,0.06830255887124863,0.1208953857421875,0.049588362361191546,0.6501774787902832,0.9981043961241061,0.7989926338195801,0.9988280453855019,1.032325029373169,0.9793043420127722,0.7993381023406982,0.7467968294921793,0.11990642547607422
varying_sigma_random,2000,500,20,60,2,60001,outliers_random_direction,0.9851430885612976,1.230675220489502,0.06845436542758729,0.11790060997009277,0.07008673203548507,0.6967868804931641,0.9980664046315088,0.77197265625,0.9987983755149635,1.28365159034729,0.9797290178081304,0.9202239513397217,0.746974463445623,0.29612016677856445
varying_sigma_random,2000,500,20,60,3,60002,outliers_random_direction,0.9858292239212699,1.1889123916625977,0.06813349850321335,0.11623620986938477,0.07587619263103719,0.63836669921875,0.9980497777689832,0.863577127456665,0.9987394778608829,1.248953104019165,0.9810497552013777,0.796065092086792,0.7467620216428184,0.12374019622802734
varying_sigma_random,2000,500,20,60,4,60003,outliers_random_direction,0.9857489335258219,1.2104229927062988,0.0688026864326615,0.11943864822387695,0.04762010771658289,0.708625316619873,0.9980754593950892,0.7751944065093994,0.9987525726015125,1.0249629020690918,0.980883773396619,0.8086376190185547,0.7472302136996056,0.1583418846130371
varying_sigma_random,2000,500,20,60,5,60004,outliers_random_direction,0.9861451706834398,1.4943287372589111,0.06634805845825376,0.16664886474609375,0.00045956404941409487,0.7134261131286621,0.9981378287952977,0.784682035446167,0.9988589439537814,1.0260732173919678,0.9815061476633238,0.8119144439697266,0.7448583899511048,0.12459707260131836
varying_sigma_random,2000,500,20,65,1,65000,outliers_random_direction,0.9861810717671148,1.2329466342926025,0.060333268440831186,0.15969324111938477,0.06456022664797068,0.6786408424377441,0.9981394260285649,1.733064889907837,0.9988239404137794,0.9718871116638184,0.9816418125340767,0.813779354095459,0.7199425930181964,0.22458410263061523
varying_sigma_random,2000,500,20,65,2,65001,outliers_random_direction,0.9856588073816688,1.3265907764434814,0.05992607947224619,0.11767411231994629,0.005124262814728108,0.4809455871582031,0.9980611317700866,0.7702794075012207,0.9987162692771336,1.0191359519958496,0.9808978195302607,0.8092808723449707,0.7201807163286508,0.12284088134765625
varying_sigma_random,2000,500,20,65,3,65002,outliers_random_direction,0.9868389116980912,1.2516896724700928,0.059565558957042866,0.12194347381591797,0.00025785346908962093,0.8010833263397217,0.9981534008220665,0.7401621341705322,0.9988527845389938,1.0741121768951416,0.9828003095409182,0.8274905681610107,0.719255862544801,0.1222221851348877
varying_sigma_random,2000,500,20,65,4,65003,outliers_random_direction,0.9851941468732364,1.2644894123077393,0.058593684803382534,0.12295103073120117,0.00550863987493035,0.6405770778656006,0.9981312560430665,0.7874984741210938,0.9988138770213926,1.044301986694336,0.9799213302260783,0.808814287185669,0.7187624834189734,0.11937928199768066
varying_sigma_random,2000,500,20,65,5,65004,outliers_random_direction,0.98506381018337,1.2269680500030518,0.059567957882910985,0.1464216709136963,0.053080461288320904,0.7445154190063477,0.998090290662574,1.3471720218658447,0.9988213653959018,1.6040608882904053,0.9795833603608051,0.8921823501586914,0.7193254053589653,0.33684372901916504
varying_sigma_random,2000,500,20,70,1,70000,outliers_random_direction,0.9861474082887289,1.4839661121368408,0.052963759787830786,0.2102644443511963,0.03651253707230428,0.7118620872497559,0.998045692523167,2.1530251502990723,0.998789269726083,1.9389066696166992,0.9815745022955275,1.0114381313323975,0.6938331445765846,0.4051063060760498
varying_sigma_random,2000,500,20,70,2,70001,outliers_random_direction,0.9856357763466318,1.8192787170410156,0.052295833619863924,0.12038421630859375,0.04701682033554166,0.6940567493438721,0.9980261485736769,1.5285437107086182,0.9987086429421163,1.5213351249694824,0.9807891623824758,0.9186081886291504,0.6934430594565898,0.1233055591583252
varying_sigma_random,2000,500,20,70,3,70002,outliers_random_direction,0.9855820505347769,1.4298357963562012,0.05245396473642841,0.17705941200256348,-0.00014199442384605143,0.7364799976348877,0.998113215700318,1.9134762287139893,0.9988117545406187,1.4991340637207031,0.9806757985117924,0.9276282787322998,0.693265546508996,0.120330810546875
varying_sigma_random,2000,500,20,70,4,70003,outliers_random_direction,0.986025541799929,1.2568416595458984,0.05257746258698317,0.11556577682495117,4.676651957779888e-07,0.6818141937255859,0.9981307204450492,1.8929815292358398,0.9987919436631492,1.22648024559021,0.9813552300730417,0.8891139030456543,0.6930958976155368,0.21340703964233398
varying_sigma_random,2000,500,20,70,5,70004,outliers_random_direction,0.9858005178765559,1.410571575164795,0.05340033733200168,0.12749981880187988,0.0013319920453426324,0.6962335109710693,0.9980416141991421,1.241633653640747,0.9987522411690274,1.4462857246398926,0.9809459620417957,0.8562355041503906,0.6941549806549998,0.1307659149169922
varying_sigma_random,2000,500,20,75,1,75000,outliers_random_direction,0.9851143474640223,1.362654685974121,0.04777159310125607,0.13622736930847168,0.04933001569402759,0.6470599174499512,0.9981415947437418,0.8094489574432373,0.9988063177136205,1.0363826751708984,0.9797452448717466,0.8038849830627441,0.6687972451479974,0.11942577362060547
varying_sigma_random,2000,500,20,75,2,75001,outliers_random_direction,0.9851333436988765,1.7476906776428223,0.04760272803134579,0.1241919994354248,8.225355664439013e-08,0.5878214836120605,0.9980123493681826,0.7702486515045166,0.9987590469977305,1.1710479259490967,0.9799179147922915,0.8020021915435791,0.6689818729866333,0.12108111381530762
varying_sigma_random,2000,500,20,75,3,75002,outliers_random_direction,0.9842912329538143,1.1644830703735352,0.04757474231434606,0.4158916473388672,0.04495803131122801,0.7515664100646973,0.9981649072408388,1.2260162830352783,0.9988458451113361,1.0507850646972656,0.9782707263809949,0.7925000190734863,0.668560049684175,0.12242436408996582
varying_sigma_random,2000,500,20,75,4,75003,outliers_random_direction,0.9857457159510686,1.2092504501342773,0.04730962403523083,0.18084073066711426,-0.00021822775262323875,0.6148977279663086,0.9981169703280436,1.1732773780822754,0.9988756303103473,1.1848657131195068,0.9810262268656658,0.8021795749664307,0.6684073628600098,0.12003326416015625
varying_sigma_random,2000,500,20,75,5,75004,outliers_random_direction,0.9859415568645183,1.2120623588562012,0.04781123080944566,0.12105321884155273,0.04936638437567937,0.6952838897705078,0.9981127926630585,0.742847204208374,0.9987748753653953,1.046600341796875,0.9812706723892397,0.7941741943359375,0.6688409878965352,0.1189723014831543
varying_sigma_random,2000,500,20,80,1,80000,outliers_random_direction,0.9851781646579045,1.3657310009002686,0.04265144041289644,0.11414241790771484,0.024007214794482288,0.6760168075561523,0.9981168736942087,1.1044940948486328,0.9987458831022408,1.1969983577728271,0.9799654650954703,0.9105832576751709,0.6444506058068293,0.3285348415374756
varying_sigma_random,2000,500,20,80,2,80001,outliers_random_direction,0.9861117585819937,1.274714469909668,0.04324359522428608,0.13101601600646973,0.04189515152080094,0.7128617763519287,0.998105424400016,1.2818756103515625,0.9988248514748173,1.418797254562378,0.9816328127535485,0.8025662899017334,0.6454144805673429,0.12095403671264648
varying_sigma_random,2000,500,20,80,3,80002,outliers_random_direction,0.9852423716863437,1.5688495635986328,0.04227392178392441,0.1665506362915039,0.040627774868015595,0.6730496883392334,0.9980435356405577,2.12137770652771,0.9987350839232189,2.0051960945129395,0.9802175078967192,0.9100513458251953,0.644468330251697,0.2902514934539795
varying_sigma_random,2000,500,20,80,4,80003,outliers_random_direction,0.9867613902046118,1.4334080219268799,0.04227092842564551,0.21016383171081543,0.039197907703137976,0.6211066246032715,0.9980208443736688,1.2086796760559082,0.9987415587009417,1.207451581954956,0.9828230875275937,0.8763854503631592,0.6447997778051736,0.1342942714691162
varying_sigma_random,2000,500,20,80,5,80004,outliers_random_direction,0.9850387896651028,1.3571462631225586,0.04279102862892965,0.12040042877197266,0.01195185829198317,0.5189495086669922,0.9980010059549483,1.303217887878418,0.9986967576121255,1.0439496040344238,0.9797917879899891,0.8118124008178711,0.6450943290605917,0.12263631820678711
varying_sigma_random,2000,500,20,85,1,85000,outliers_random_direction,0.984624429331783,1.536982536315918,0.039090639017025475,0.11733245849609375,0.009123403907491582,0.6808028221130371,0.9980186634290401,1.6567714214324951,0.9987773845818563,0.9957304000854492,0.9790523339362567,0.8684215545654297,0.6222536451330919,0.12540149688720703
varying_sigma_random,2000,500,20,85,2,85001,outliers_random_direction,0.9860361184095551,1.2728185653686523,0.03885820641360114,0.13736462593078613,0.0003403379550620808,0.5761864185333252,0.9980387982439821,0.7541046142578125,0.9988086969229355,2.7245380878448486,0.9816095081626373,0.9952483177185059,0.6220020039387889,0.20919060707092285
varying_sigma_random,2000,500,20,85,3,85002,outliers_random_direction,0.9860082874269968,1.1759223937988281,0.03925973300435216,0.13277649879455566,0.033851300728187365,0.7240035533905029,0.9980523557991109,0.9179720878601074,0.9988083757905575,1.011659860610962,0.9815370573171973,0.8440968990325928,0.6224756445111733,0.11760210990905762
varying_sigma_random,2000,500,20,85,4,85003,outliers_random_direction,0.9861045432626223,1.1893672943115234,0.038526306115836344,0.12476539611816406,0.03735922544924616,0.6696698665618896,0.9980811197743977,0.9301726818084717,0.9987940994189395,1.0165038108825684,0.9814875999720001,0.8768970966339111,0.6214794233672546,0.11823654174804688
varying_sigma_random,2000,500,20,85,5,85004,outliers_random_direction,0.9851798955033072,1.1599581241607666,0.04004072030962186,0.11439085006713867,0.006629262078583228,0.6809108257293701,0.9980128842097935,0.8809375762939453,0.9988139379739509,1.3080167770385742,0.9800220262672683,0.8983187675476074,0.6231388273346566,0.2023768424987793
varying_sigma_random,2000,500,20,90,1,90000,outliers_random_direction,0.9850347175589796,1.4734320640563965,0.036275324214350174,0.12055444717407227,4.884553845728218e-07,0.6007709503173828,0.9980571624466591,1.0586040019989014,0.9987240349691269,1.7644522190093994,0.9797251476970528,0.9342851638793945,0.6006353055933016,0.1706535816192627
varying_sigma_random,2000,500,20,90,2,90001,outliers_random_direction,0.9857849530370791,1.4286339282989502,0.037122217844251265,0.12157511711120605,0.0014385424442516595,0.6948716640472412,0.9980704991338915,0.8472285270690918,0.9987916820909706,1.2203364372253418,0.9810917381202819,0.7968645095825195,0.6017861657397892,0.11899065971374512
varying_sigma_random,2000,500,20,90,3,90002,outliers_random_direction,0.9856161258807582,1.2346909046173096,0.036267503732206885,0.11700773239135742,0.0015099304797375477,0.6198379993438721,0.9981220447843852,0.7618813514709473,0.9988254066736795,1.196012020111084,0.9808672329580495,0.8118484020233154,0.600618831812866,0.13101577758789062
varying_sigma_random,2000,500,20,90,4,90003,outliers_random_direction,0.9860755555455405,1.2257843017578125,0.03718844507900362,0.1195833683013916,0.031198830138499146,0.6064023971557617,0.9980091735514243,2.0841543674468994,0.9987508126062952,0.9764564037322998,0.981545423096566,0.805619478225708,0.6012833694370366,0.12569403648376465
varying_sigma_random,2000,500,20,90,5,90004,outliers_random_direction,0.9861066551794416,1.1510891914367676,0.036227243103210065,0.11982560157775879,0.03793052965566961,0.7036778926849365,0.9980239706758565,1.0377113819122314,0.9987765865279284,1.1516034603118896,0.9816129076269506,0.8113207817077637,0.6007884728471007,0.29923033714294434
varying_sigma_random,2000,500,20,95,1,95000,outliers_random_direction,0.9857746260517646,1.4144892692565918,0.033245255038642216,0.12596416473388672,0.031727456504742846,0.7531619071960449,0.9980026056032549,0.7829079627990723,0.9986908060492441,1.5326271057128906,0.9811408424834088,0.9722959995269775,0.5803053508629713,0.15764832496643066
varying_sigma_random,2000,500,20,95,2,95001,outliers_random_direction,0.9855085107618875,1.1540381908416748,0.03317430430541679,0.12332940101623535,0.017763383524592266,0.6352818012237549,0.998019290039921,1.1887388229370117,0.9987722050536103,1.4461960792541504,0.9806430149485414,0.8005974292755127,0.5802282659772267,0.11972761154174805
varying_sigma_random,2000,500,20,95,3,95002,outliers_random_direction,0.9853606129891773,1.1836566925048828,0.03376419121206936,0.11463212966918945,0.0009996793801959748,0.6332323551177979,0.9981612035031067,0.7280917167663574,0.9988296695320112,1.175245761871338,0.9801898855449689,0.8206970691680908,0.5801225146446997,0.1230614185333252
varying_sigma_random,2000,500,20,95,4,95003,outliers_random_direction,0.9859373247684904,1.2209033966064453,0.03317694732957642,0.11853981018066406,0.03450854042291289,0.6217391490936279,0.9980464773167961,0.7294654846191406,0.9987540157162753,1.1230432987213135,0.9813793145019858,0.7969281673431396,0.580004583040847,0.1192314624786377
varying_sigma_random,2000,500,20,95,5,95004,outliers_random_direction,0.984498163746538,1.3508708477020264,0.03256530908365577,0.14736390113830566,0.022756089127658054,0.7404994964599609,0.9980136253543055,0.9254403114318848,0.9987678411973527,1.2898519039154053,0.9788730005275594,0.8391556739807129,0.5798551893906869,0.20124363899230957
varying_sigma_random,2000,500,20,100,1,100000,outliers_random_direction,0.9856176852189859,1.2710347175598145,0.0314976312945798,0.119781494140625,0.026743056013482817,0.638481855392456,0.9980457180136874,0.8419511318206787,0.9987443896499624,1.5632803440093994,0.9807931565146055,0.9800169467926025,0.5618233452167971,0.2430281639099121
varying_sigma_random,2000,500,20,100,2,100001,outliers_random_direction,0.9853545226066487,1.626709222793579,0.03044541282408594,0.1220254898071289,1.5554306453035536e-06,0.6764390468597412,0.9980826087739901,1.7061500549316406,0.9988238285159263,1.3015995025634766,0.9803614875012827,0.8006076812744141,0.5605126494564073,0.264664888381958
varying_sigma_random,2000,500,20,100,3,100002,outliers_random_direction,0.985166318144057,1.4065608978271484,0.03054910239184739,0.15110301971435547,0.0015456205328573485,0.5702993869781494,0.998017943710351,1.7575173377990723,0.9987343072428723,1.681666612625122,0.9801263763379005,0.812204122543335,0.5604712688761514,0.14307379722595215
varying_sigma_random,2000,500,20,100,4,100003,outliers_random_direction,0.9852153784600007,1.1965911388397217,0.030273816056258805,0.505946159362793,0.02234726686738139,0.7456533908843994,0.9980357598373948,1.7596890926361084,0.9987678424654998,1.5570147037506104,0.9802236648006609,0.7956070899963379,0.5604371408752808,0.2734987735748291
varying_sigma_random,2000,500,20,100,5,100004,outliers_random_direction,0.9846245460067371,1.384082317352295,0.03011343994588762,0.15361571311950684,9.069791718104092e-05,0.71109938621521,0.9980917304644222,1.293769359588623,0.9987787921411219,1.1883995532989502,0.9791039004981974,0.8281607627868652,0.5598924757952178,0.2055356502532959
