experiment,n_points,dim,run,seed,case,TSI_score,TSI_time,QSI_score,QSI_time,CKA_score,CKA_time,CKNNA_score,CKNNA_time,MutualNN_score,MutualNN_time,SVCCA_score,SVCCA_time,PWCCA_score,PWCCA_time
varying_n,50,500,1,50,independent,0.4898639455782313,0.155747652053833,0.4959762628455637,0.163374662399292,0.904956420478838,0.007188081741333008,0.13498525258590416,0.09112787246704102,0.29600000381469727,0.0012650489807128906,,,,
varying_n,50,500,2,51,independent,0.5077210884353741,0.13083219528198242,0.508153133593863,0.15924453735351562,0.915517419030562,0.00546717643737793,0.19831951217191457,0.050316810607910156,0.3060000240802765,0.0285186767578125,,,,
varying_n,50,500,3,52,independent,0.5075680272108843,0.157853364944458,0.5053727022723983,0.19225406646728516,0.9128599739567295,0.008200407028198242,0.027638596276263253,0.04391336441040039,0.1420000195503235,0.04751253128051758,,,,
varying_n,50,500,4,53,independent,0.4676360544217687,0.14777207374572754,0.45468519322622664,0.18645405769348145,0.9057301442761578,0.007084369659423828,0.08948006927618898,0.04743480682373047,0.23200000822544098,0.028779983520507812,,,,
varying_n,50,500,5,54,independent,0.49418367346938774,0.14915966987609863,0.4896439426834563,0.20908498764038086,0.9137825983163369,0.007021903991699219,0.06439489040271164,0.038665771484375,0.1639999896287918,0.030407190322875977,,,,
varying_n,50,500,6,55,independent,0.49275510204081635,0.1746504306793213,0.49500796063106084,0.2049262523651123,0.9057284797414851,0.005792856216430664,0.1169237700914949,0.03809762001037598,0.2240000218153,0.025494813919067383,,,,
varying_n,50,500,7,56,independent,0.5043707482993197,0.1690692901611328,0.5016543638732088,0.16838669776916504,0.9149549622627696,0.007835149765014648,0.12489447155984701,0.03282904624938965,0.18800000846385956,0.02958846092224121,,,,
varying_n,50,500,8,57,independent,0.4822959183673469,0.15744757652282715,0.4862816616008105,0.192979097366333,0.9098631010466356,0.007153987884521484,0.13364759689420228,0.0768885612487793,0.20000000298023224,0.014499425888061523,,,,
varying_n,50,500,9,58,independent,0.48406462585034016,0.15099549293518066,0.48524099001302645,0.18128371238708496,0.910241949825635,0.008776187896728516,0.06349523232641305,0.03961181640625,0.15600000321865082,0.013533353805541992,,,,
varying_n,50,500,10,59,independent,0.4893707482993197,0.14651250839233398,0.46839629468808797,0.17656612396240234,0.9139442854906007,0.008052825927734375,0.04116998586548393,0.01600170135498047,0.1899999976158142,0.04090619087219238,,,,
varying_n,50,500,11,60,independent,0.49481292517006803,0.17372441291809082,0.48928643797944704,0.18650579452514648,0.9125096208369895,0.007491350173950195,0.09113699659007,0.047620534896850586,0.14000001549720764,0.020944595336914062,,,,
varying_n,50,500,12,61,independent,0.5011054421768707,0.14677929878234863,0.5039079461571863,0.16996073722839355,0.909368160044373,0.007073879241943359,0.08201514008943254,0.03507542610168457,0.20400001108646393,0.02041029930114746,,,,
varying_n,50,500,13,62,independent,0.5008503401360545,0.16062688827514648,0.498268924591113,0.20015525817871094,0.9116183263456027,0.006949424743652344,0.04789483248264454,0.040184736251831055,0.21799999475479126,0.026080846786499023,,,,
varying_n,50,500,14,63,independent,0.5115646258503401,0.17352867126464844,0.5136995223621363,0.17928099632263184,0.9143428643210469,0.005488395690917969,0.25482584297771943,0.019767045974731445,0.28600001335144043,0.021898984909057617,,,,
varying_n,50,500,15,64,independent,0.5193027210884353,0.15360593795776367,0.5168360110001448,0.19689059257507324,0.9135920657284827,0.00548243522644043,0.034025507292670815,0.05393624305725098,0.18400001525878906,0.028645038604736328,,,,
varying_n,50,500,16,65,independent,0.49835034013605445,0.16479182243347168,0.5007265885077435,0.17146682739257812,0.9099987699585307,0.006412982940673828,0.10117364549509983,0.014384746551513672,0.1900000125169754,0.06740283966064453,,,,
varying_n,50,500,17,66,independent,0.5009183673469387,0.13739538192749023,0.5045201910551453,0.18607091903686523,0.9141535677306728,0.005814075469970703,0.1412377450262515,0.01648855209350586,0.20600000023841858,0.02884697914123535,,,,
varying_n,50,500,18,67,independent,0.498656462585034,0.16645121574401855,0.49902590823563464,0.1904137134552002,0.9132871902878497,0.005460977554321289,0.19301324558679148,0.01827859878540039,0.2919999957084656,0.04201149940490723,,,,
varying_n,50,500,19,68,independent,0.5028061224489796,0.14783334732055664,0.5058850774352294,0.18555903434753418,0.9094158264214643,0.009114503860473633,0.10482810470119602,0.02393198013305664,0.2760000228881836,0.02494955062866211,,,,
varying_n,50,500,20,69,independent,0.51328231292517,0.15886592864990234,0.5147792734114922,0.1869215965270996,0.9160868269812277,0.007016658782958984,0.13648733873820504,0.05552792549133301,0.28600001335144043,0.028621196746826172,,,,
varying_n,100,500,1,100,independent,0.4928303442589157,0.18430066108703613,0.48692232656886564,0.2325727939605713,0.8347176217805015,0.01966118812561035,0.020839013132931176,0.06747126579284668,0.10399999469518661,0.02573704719543457,,,,
varying_n,100,500,2,101,independent,0.5017439703153989,0.14892148971557617,0.5018305078982546,0.23306775093078613,0.8356727757961414,0.023024320602416992,0.030997126013368206,0.0939950942993164,0.10700000822544098,0.0015916824340820312,,,,
varying_n,100,500,3,102,independent,0.5030550401978974,0.19975805282592773,0.5081167237279166,0.23583722114562988,0.8357685879627398,0.011969566345214844,0.03220057116056203,0.07818388938903809,0.10799999535083771,0.01474618911743164,,,,
varying_n,100,500,4,103,independent,0.4939332096474954,0.1918320655822754,0.4915322805160803,0.24053597450256348,0.8345118701563823,0.029702186584472656,0.027093130284784807,0.09293866157531738,0.09600001573562622,0.0027332305908203125,,,,
varying_n,100,500,5,104,independent,0.4899670171098742,0.20469450950622559,0.4870276507979012,0.2477583885192871,0.8357594368364153,0.01796102523803711,0.017890157838045928,0.09220218658447266,0.04100000485777855,0.002321958541870117,,,,
varying_n,100,500,6,105,independent,0.5050278293135436,0.22008109092712402,0.5039567992145312,0.20604276657104492,0.838494833005678,0.009280681610107422,0.0012622957124060299,0.09385085105895996,0.07200000435113907,0.0023648738861083984,,,,
varying_n,100,500,7,106,independent,0.4959327973613688,0.1942429542541504,0.49492909316178835,0.21592998504638672,0.8317472322967701,0.009606361389160156,0.06151206353546292,0.05799388885498047,0.14800000190734863,0.027798891067504883,,,,
varying_n,100,500,8,107,independent,0.511991341991342,0.15308237075805664,0.5177149997768554,0.21659398078918457,0.8369258054754899,0.00963139533996582,0.00415174971572665,0.07541298866271973,0.08900000900030136,0.018224477767944336,,,,
varying_n,100,500,9,108,independent,0.5122923108637394,0.17934489250183105,0.5149483473489366,0.2262725830078125,0.8414192465657824,0.02034163475036621,0.11668100484349786,0.08834505081176758,0.11399999260902405,0.004465818405151367,,,,
varying_n,100,500,10,109,independent,0.500820449391878,0.17699408531188965,0.5008269099579852,0.20253944396972656,0.835676100594342,0.01970696449279785,0.019392099693201943,0.08410406112670898,0.10400000214576721,0.008753538131713867,,,,
varying_n,100,500,11,110,independent,0.49689960832817975,0.1537332534790039,0.49355605284913096,0.22312521934509277,0.8384575167479593,0.01766180992126465,0.012648957751559232,0.09482312202453613,0.11400000751018524,0.002382993698120117,,,,
varying_n,100,500,12,111,independent,0.4990146361574933,0.16052913665771484,0.4964705332304743,0.21414637565612793,0.8349498472227801,0.009028196334838867,0.00030674232973646446,0.09329032897949219,0.036000002175569534,0.0017764568328857422,,,,
varying_n,100,500,13,112,independent,0.4973386930529788,0.18051671981811523,0.5007297464440322,0.2290499210357666,0.8308559003132563,0.014264106750488281,0.0018964998170635326,0.09421753883361816,0.0949999988079071,0.0016071796417236328,,,,
varying_n,100,500,14,113,independent,0.5121583178726036,0.16260337829589844,0.5162591622090886,0.20816516876220703,0.8363961450178375,0.01906871795654297,0.052701298992485886,0.09159374237060547,0.14800000190734863,0.0015265941619873047,,,,
varying_n,100,500,15,114,independent,0.48607503607503605,0.1782517433166504,0.4852152069825119,0.20281600952148438,0.8296765071115992,0.008910417556762695,0.05341688068548869,0.09172201156616211,0.10100000351667404,0.0015442371368408203,,,,
varying_n,100,500,16,115,independent,0.5123294166151309,0.15989398956298828,0.5202147288156125,0.23192453384399414,0.8375581038169013,0.024747610092163086,0.04381829089810987,0.0717315673828125,0.13200001418590546,0.018650293350219727,,,,
varying_n,100,500,17,116,independent,0.5047103689960832,0.22674083709716797,0.5066471999608966,0.2512345314025879,0.837458317728063,0.02682662010192871,0.018597594205055672,0.10811710357666016,0.03500000014901161,0.018948078155517578,,,,
varying_n,100,500,18,117,independent,0.48784580498866215,0.23208141326904297,0.4852496349992669,0.24712038040161133,0.8300802250776569,0.013734817504882812,0.0696894614088784,0.09709978103637695,0.04600000008940697,0.002245187759399414,,,,
varying_n,100,500,19,118,independent,0.4910039167182024,0.17123627662658691,0.48468756574794875,0.252321720123291,0.8332266653558362,0.01430821418762207,0.041266841622469595,0.07561230659484863,0.13600000739097595,0.01697397232055664,,,,
varying_n,100,500,20,119,independent,0.490131931560503,0.16845273971557617,0.48836150267667205,0.20766758918762207,0.8320025148884904,0.021314620971679688,0.03414766961935767,0.09442734718322754,0.07599999755620956,0.0016219615936279297,,,,
varying_n,200,500,1,200,independent,0.5020585249479722,0.19270539283752441,0.5039156609587444,0.2349081039428711,0.7142794119012328,0.009645462036132812,0.02489171567744917,0.09509587287902832,0.15049999952316284,0.003814697265625,,,,
varying_n,200,500,2,201,independent,0.5084533780011167,0.17658305168151855,0.5103751027093629,0.2382981777191162,0.7211279175974774,0.010177373886108398,0.03527570548889569,0.09642815589904785,0.05450000241398811,0.003835916519165039,,,,
varying_n,200,500,3,202,independent,0.501079894421603,0.17644095420837402,0.49988687219103267,0.23201489448547363,0.7175622384103639,0.012033224105834961,0.009002426012078884,0.09464645385742188,0.04350000247359276,0.003279447555541992,,,,
varying_n,200,500,4,203,independent,0.4991944571341556,0.17070293426513672,0.496959462749836,0.23644518852233887,0.7177560477379948,0.01057744026184082,0.010687698445118904,0.09457206726074219,0.0494999997317791,0.0029261112213134766,,,,
varying_n,200,500,5,204,independent,0.49592051164915485,0.1801624298095703,0.49285197458347474,0.22991251945495605,0.7150657164657048,0.012354850769042969,0.019642127421811532,0.09566020965576172,0.06499999761581421,0.0037996768951416016,,,,
varying_n,200,500,6,205,independent,0.5023592711029897,0.20351719856262207,0.50349986099291,0.24942326545715332,0.7179300797190777,0.039241790771484375,-0.00011867627652983753,0.09646844863891602,0.028499998152256012,0.0038678646087646484,,,,
varying_n,200,500,7,206,independent,0.4962481599918786,0.16771435737609863,0.49400224214957783,0.2685093879699707,0.7138561217248813,0.03065633773803711,0.0069648998387443544,0.09494614601135254,0.10249999910593033,0.00391697883605957,,,,
varying_n,200,500,8,207,independent,0.49365793614537334,0.19510841369628906,0.49048681339322364,0.2525334358215332,0.712770824089157,0.011081933975219727,0.011361936090378624,0.0945894718170166,0.08449999988079071,0.003817319869995117,,,,
varying_n,200,500,9,208,independent,0.5007717882340998,0.15119481086730957,0.5032116125930375,0.2517261505126953,0.7141987828388195,0.013073921203613281,-0.0026127748364219282,0.0957636833190918,0.06400000303983688,0.00397038459777832,,,,
varying_n,200,500,10,209,independent,0.49907618902593776,0.1644001007080078,0.49878015416775207,0.24096059799194336,0.716746573203781,0.0126953125,0.010466128958861228,0.09560275077819824,0.05450000241398811,0.003806591033935547,,,,
varying_n,200,500,11,210,independent,0.4948182833358713,0.195357084274292,0.49535946151307225,0.21626758575439453,0.7137690891363261,0.0124664306640625,0.0007705321361660462,0.09595465660095215,0.08500000089406967,0.004326820373535156,,,,
varying_n,200,500,12,211,independent,0.49180853763768334,0.15952157974243164,0.48747901946279626,0.2385573387145996,0.7146338805752562,0.010466575622558594,0.0001119054628179808,0.09605717658996582,0.016999999061226845,0.004086017608642578,,,,
varying_n,200,500,13,212,independent,0.5009253337394041,0.15952277183532715,0.5021106609806455,0.24442577362060547,0.7129058763782505,0.015302896499633789,0.03259387364106021,0.09470272064208984,0.11250001192092896,0.0027985572814941406,,,,
varying_n,200,500,14,213,independent,0.4987223998781788,0.18054485321044922,0.4954247368720751,0.23636770248413086,0.7177875141031387,0.017292261123657227,-0.002190011828981384,0.10923433303833008,0.06100000441074371,0.003076314926147461,,,,
varying_n,200,500,15,214,independent,0.4972877011319222,0.1887218952178955,0.49246122938952575,0.2519981861114502,0.7139363504379805,0.01839423179626465,0.014149071021264331,0.0971531867980957,0.05050000548362732,0.004276275634765625,,,,
varying_n,200,500,16,215,independent,0.49749911172021727,0.1662125587463379,0.4948233089768177,0.21767044067382812,0.7184680273388464,0.011580705642700195,-0.0008894500155478886,0.09616684913635254,0.01900000125169754,0.003952503204345703,,,,
varying_n,200,500,17,216,independent,0.5036262118674179,0.16855216026306152,0.5059226193006771,0.24933481216430664,0.7153225680495798,0.012486457824707031,0.00030973915041428266,0.09572577476501465,0.023500001057982445,0.004306316375732422,,,,
varying_n,200,500,18,217,independent,0.5070704532764835,0.15768027305603027,0.5118151749363647,0.2382643222808838,0.7151987918871612,0.012363910675048828,0.005879492256468227,0.0961003303527832,0.0990000069141388,0.004369020462036133,,,,
varying_n,200,500,19,218,independent,0.5036670727374245,0.19690966606140137,0.5041516921633239,0.2274010181427002,0.7168924533797253,0.01192164421081543,0.0001040698658342869,0.0947258472442627,0.03350000083446503,0.0028591156005859375,,,,
varying_n,200,500,20,219,independent,0.5035226638241713,0.1849651336669922,0.5053149251358573,0.2257709503173828,0.7171041891106772,0.010161876678466797,0.010960794460317478,0.09735441207885742,0.051500000059604645,0.003381490707397461,,,,
varying_n,400,500,1,400,independent,0.5038864434956739,0.20102477073669434,0.5051497933345193,0.32643556594848633,0.5601675018301201,0.011903047561645508,0.013110681014716062,0.10212540626525879,0.00975000113248825,0.007662296295166016,,,,
varying_n,400,500,2,401,independent,0.5027551290286016,0.21620392799377441,0.5045635848288113,0.28659939765930176,0.5566615310687351,0.060121774673461914,0.0003048293550119263,0.1042337417602539,0.02825000137090683,0.008352279663085938,,,,
varying_n,400,500,3,402,independent,0.501053355751187,0.20378899574279785,0.5009939047078477,0.3807182312011719,0.5573192828191694,0.016306400299072266,7.530015897521288e-05,0.10039234161376953,0.019999999552965164,0.007423877716064453,,,,
varying_n,400,500,4,403,independent,0.5008244543519603,0.20342206954956055,0.5001098448182403,0.3372001647949219,0.5574199438247408,0.014569520950317383,1.5743398896633615e-05,0.10410571098327637,0.02774999849498272,0.0073740482330322266,,,,
varying_n,400,500,5,404,independent,0.5001921260437526,0.275803804397583,0.5006013108794416,0.29683852195739746,0.5565771533951399,0.012087345123291016,2.8756159029708768e-05,0.0979452133178711,0.010500000789761543,0.007485151290893555,,,,
varying_n,400,500,6,405,independent,0.49728715633304366,0.2358567714691162,0.49569810695618716,0.3569033145904541,0.5548927738372343,0.025910615921020508,1.2547034430934522e-06,0.10195493698120117,0.014500000514090061,0.00747227668762207,,,,
varying_n,400,500,7,406,independent,0.4966242868477727,0.1993868350982666,0.49654746558433094,0.37120509147644043,0.5516492602335012,0.015477657318115234,9.901524411831662e-06,0.09896516799926758,0.008250000886619091,0.008110284805297852,,,,
varying_n,400,500,8,407,independent,0.5030579589677712,0.19005274772644043,0.5058997908680033,0.29405736923217773,0.5565725863865046,0.01154780387878418,0.009914818453320807,0.10014700889587402,0.030500000342726707,0.007373809814453125,,,,
varying_n,400,500,9,408,independent,0.5062141849598871,0.2166614532470703,0.5089464227382374,0.3178412914276123,0.5595973509057696,0.012181520462036133,7.625079704029096e-05,0.0983285903930664,0.011250000447034836,0.007104635238647461,,,,
varying_n,400,500,10,409,independent,0.5012596188964874,0.19307374954223633,0.5009662540336259,0.2921602725982666,0.558708421534141,0.04548382759094238,-0.00015087771759151857,0.09952998161315918,0.0280000027269125,0.008148431777954102,,,,
varying_n,400,500,11,410,independent,0.49653115200060455,0.2778506278991699,0.4946051200048017,0.284787654876709,0.5572073129748294,0.01138448715209961,8.485525050927371e-05,0.10047221183776855,0.013000000268220901,0.007640361785888672,,,,
varying_n,400,500,12,411,independent,0.4992157214644652,0.20645403861999512,0.49777906184648235,0.3134171962738037,0.5577850428252156,0.018096208572387695,0.0002348343242742907,0.10233712196350098,0.027000000700354576,0.007934331893920898,,,,
varying_n,400,500,13,412,independent,0.5018293535345902,0.23351025581359863,0.5018938629182478,0.2929055690765381,0.5599567075727327,0.011701583862304688,5.6453524040417434e-05,0.09961938858032227,0.01850000023841858,0.008021354675292969,,,,
varying_n,400,500,14,413,independent,0.5003720356166799,0.26233601570129395,0.5003356054148129,0.4007406234741211,0.5561254342348134,0.05202221870422363,0.014733593303060611,0.10001039505004883,0.039250001311302185,0.0075626373291015625,,,,
varying_n,400,500,15,414,independent,0.4981263775015428,0.19992709159851074,0.4951232625061001,0.34540534019470215,0.5575853188782165,0.016782522201538086,3.753745222617415e-05,0.10481548309326172,0.01575000025331974,0.02084946632385254,,,,
varying_n,400,500,16,415,independent,0.4987748579992695,0.19194674491882324,0.4983327389902424,0.3671855926513672,0.5556124409118194,0.055413007736206055,0.00013457500617227336,0.10356616973876953,0.01600000075995922,0.007361650466918945,,,,
varying_n,400,500,17,416,independent,0.5036571642674526,0.28579163551330566,0.5061234132887376,0.2995901107788086,0.5555682838243403,0.011726856231689453,5.31453129924238e-06,0.1028900146484375,0.0037499999161809683,0.008172988891601562,,,,
varying_n,400,500,18,417,independent,0.4971531529829599,0.20636940002441406,0.496215958868603,0.2851448059082031,0.5536008391158003,0.014189720153808594,0.008532259808214619,0.10112404823303223,0.026000000536441803,0.008915424346923828,,,,
varying_n,400,500,19,418,independent,0.5045902759411091,0.20479631423950195,0.5067537218297316,0.34145545959472656,0.5581800227744244,0.030089378356933594,0.00018566162577721116,0.10219383239746094,0.02225000225007534,0.007673501968383789,,,,
varying_n,400,500,20,419,independent,0.5020425435447916,0.20351290702819824,0.5025647454078154,0.3088972568511963,0.557463771149286,0.015520811080932617,-1.1304695377597625e-05,0.09921646118164062,0.013500000350177288,0.008820772171020508,,,,
varying_n,800,500,1,800,independent,0.49969003782924143,0.29994630813598633,0.5001264795885912,0.575129508972168,0.3835700968057999,0.02246832847595215,2.4893165765215042e-06,0.11512541770935059,0.005750000011175871,0.020935535430908203,0.7263046911993745,0.4828531742095947,0.8221844814999077,0.5627865791320801
varying_n,800,500,2,801,independent,0.5017143021822391,0.30121731758117676,0.5028856982705632,0.759772539138794,0.3853466939543284,0.022095203399658203,1.8237386260895737e-05,0.12772178649902344,0.007250000257045031,0.021151065826416016,0.7256666701707241,0.472764253616333,0.8207776334542247,0.47011327743530273
varying_n,800,500,3,802,independent,0.4998695973350146,0.28646135330200195,0.49991358820038057,0.8490433692932129,0.38478073198605917,0.054151058197021484,0.006596180776868409,0.24201440811157227,0.019625000655651093,0.08355927467346191,0.7253815462246852,1.7360825538635254,0.8214224482351378,0.9499897956848145
varying_n,800,500,4,803,independent,0.5007446063531795,0.48325395584106445,0.5012186856952102,1.3194098472595215,0.38476959671642996,0.0866236686706543,6.939996931584191e-05,0.21497845649719238,0.01600000075995922,0.08451485633850098,0.7260974414379618,0.7102236747741699,0.8217209262021634,0.7917144298553467
varying_n,800,500,5,804,independent,0.4991335700013488,0.47169041633605957,0.4989606270274046,1.1200518608093262,0.3839455881352003,0.06985640525817871,6.430898169581094e-05,0.2377631664276123,0.013375001028180122,0.08408761024475098,0.7259966729850009,1.1515793800354004,0.8226055982244775,1.0978214740753174
varying_n,800,500,6,805,independent,0.49762625430911445,0.47503089904785156,0.49631579012307475,1.0154945850372314,0.3841658725112925,0.05843091011047363,0.005076562251775615,0.23284387588500977,0.022374998778104782,0.09203433990478516,0.7253121571245101,1.0474658012390137,0.8223518958310334,0.8788471221923828
varying_n,800,500,7,806,independent,0.4996257304713599,0.3919830322265625,0.4992128908450841,1.1571297645568848,0.38458624340640873,0.09845161437988281,7.218660281049307e-05,0.22788524627685547,0.014250000938773155,0.08426046371459961,0.7261280416007265,1.9163153171539307,0.8224710843679996,1.5636138916015625
varying_n,800,500,8,807,independent,0.5021759694919401,0.5792028903961182,0.5031248093522248,1.1212210655212402,0.3866990858810123,0.08300995826721191,1.791873867592777e-06,0.2455124855041504,0.005750000476837158,0.08460688591003418,0.7264784217434188,1.35955810546875,0.8215410015762148,1.3424594402313232
varying_n,800,500,9,808,independent,0.5014122720756836,0.6333210468292236,0.5020999027539658,1.2769358158111572,0.3854860630034564,0.08653402328491211,5.061510973219353e-05,0.20447158813476562,0.011874999850988388,0.08135747909545898,0.7259833099318352,0.7744600772857666,0.8224235312817179,1.1835711002349854
varying_n,800,500,10,809,independent,0.5001464314729251,0.39504051208496094,0.500061714375952,1.105011224746704,0.3859762320942401,0.11982941627502441,1.8868572643104992e-05,0.21329545974731445,0.010249999351799488,0.08400583267211914,0.7257387256382662,1.6606640815734863,0.821406243799,0.7949619293212891
varying_n,800,500,11,810,independent,0.501245553652592,0.5287697315216064,0.5022709988760152,1.116795301437378,0.38520085225405765,0.10790443420410156,4.0366936574500306e-05,0.2097642421722412,0.012000000104308128,0.08126544952392578,0.7254344765033787,0.7576088905334473,0.8212840301999285,1.1483466625213623
varying_n,800,500,12,811,independent,0.5006416149886607,0.44336533546447754,0.5012814733365937,1.0866625308990479,0.3849549939678312,0.04902911186218262,-3.429207861704356e-05,0.2467653751373291,0.01387499924749136,0.09212374687194824,0.7253436903977961,1.1459617614746094,0.8219743128642181,1.0696349143981934
varying_n,800,500,13,812,independent,0.5037128059510478,0.5335602760314941,0.5064146020150935,1.2104883193969727,0.38511033998834204,0.11703085899353027,3.2508917232411526e-06,0.3231778144836426,0.0029999997932463884,0.0846858024597168,0.7251736507392968,1.3519864082336426,0.8215163924622524,1.0147898197174072
varying_n,800,500,14,813,independent,0.5033757108666534,0.4720778465270996,0.5053555922208005,0.9915180206298828,0.3860004557376192,0.10317850112915039,2.273040249843291e-06,0.23070979118347168,0.002625000197440386,0.09231901168823242,0.7259463492405681,1.0707345008850098,0.8219948550248627,0.998950719833374
varying_n,800,500,15,814,independent,0.500265835897629,0.47509098052978516,0.49989635933842885,1.1365902423858643,0.38559413705813933,0.09364080429077148,3.6194667609128495e-05,0.2286984920501709,0.012999999336898327,0.08409523963928223,0.7264301049127901,2.3932173252105713,0.8234824295254033,0.8725666999816895
varying_n,800,500,16,815,independent,0.4997528199409663,0.5648839473724365,0.4985054023407821,1.1136445999145508,0.3874475229446424,0.1259620189666748,9.144475895876775e-06,0.2120966911315918,0.005249999929219484,0.07978487014770508,0.7260856740059434,0.7624588012695312,0.8220944309276326,0.998692512512207
varying_n,800,500,17,816,independent,0.49902770066593266,0.4947512149810791,0.4980449268791582,1.1274380683898926,0.38467502866865516,0.10460805892944336,-2.8426315580479326e-05,0.21248173713684082,0.00800000037997961,0.0809168815612793,0.7253233644377456,0.6926369667053223,0.8215537213500834,0.8619098663330078
varying_n,800,500,18,817,independent,0.5005794641484813,0.47708606719970703,0.5014143928129519,1.1796228885650635,0.3837216751836328,0.10070466995239258,0.007117500285704184,0.1990206241607666,0.025749998167157173,0.07925248146057129,0.7258007664856445,0.7321512699127197,0.8218020734813112,0.8399951457977295
varying_n,800,500,19,818,independent,0.49882078083192966,0.4562563896179199,0.4982304334689233,1.7432286739349365,0.3849263250369114,0.13852286338806152,7.476903219012502e-05,0.23750519752502441,0.015000001527369022,0.08333253860473633,0.7246048403917738,0.9835572242736816,0.821236108254227,0.9052324295043945
varying_n,800,500,20,819,independent,0.5020550241373145,0.5170354843139648,0.503595246838396,1.2022759914398193,0.38448659303685284,0.09882283210754395,0.00702587731204226,0.203963041305542,0.005250000394880772,0.09292268753051758,0.7262882616814326,2.4421677589416504,0.8224172390097348,1.5096073150634766
varying_n,1600,500,1,1600,independent,0.4997250339699171,1.8393962383270264,0.49987059823500596,3.328794479370117,0.23740915712942037,0.42995429039001465,-7.986956360205448e-07,0.6439955234527588,0.0031250002793967724,0.24444937705993652,0.49048625523230693,2.120471715927124,0.5845682950197896,1.410728931427002
varying_n,1600,500,2,1601,independent,0.4986397278962681,1.012272596359253,0.49770422065703956,2.881842613220215,0.2381263554483641,0.3770778179168701,2.469698036391113e-07,0.515364408493042,0.0009375000954605639,0.24708771705627441,0.4914443580415889,1.0286226272583008,0.5848919917260172,1.7250170707702637
varying_n,1600,500,3,1602,independent,0.49911883434264687,1.1183853149414062,0.4984475925046213,3.504542589187622,0.2384521184510712,0.184525728225708,-3.187775706044506e-06,0.44960832595825195,0.006375000346451998,0.2692403793334961,0.4911245654436639,1.239600419998169,0.5859782099501979,1.1336617469787598
varying_n,1600,500,4,1603,independent,0.5013054197867722,1.0107529163360596,0.502657751737354,2.8294777870178223,0.2369274957502167,0.15777182579040527,1.8190679730359066e-05,0.5129754543304443,0.008437500335276127,0.26296162605285645,0.4912749020775143,1.8682429790496826,0.5854168071796682,1.7726552486419678
varying_n,1600,500,5,1604,independent,0.5014475714640173,1.0233824253082275,0.5027709329046931,2.6332361698150635,0.2371989089450461,0.31853652000427246,6.272579215711827e-06,0.527836799621582,0.010562499985098839,0.2627406120300293,0.49090647455904446,1.256274700164795,0.5847915459469131,1.781970500946045
varying_n,1600,500,6,1605,independent,0.4992854058113605,1.019660472869873,0.49867678206254323,2.4934256076812744,0.23899649000432138,0.12907886505126953,4.3301443884142365e-05,0.5280249118804932,0.01575000025331974,0.27465033531188965,0.49223744706873435,1.1645236015319824,0.5852181755593671,1.3414056301116943
varying_n,1600,500,7,1606,independent,0.4997868446408542,0.9774990081787109,0.49980490802115557,2.800248622894287,0.23739313153349717,0.20453691482543945,1.5502843114467044e-05,0.533646821975708,0.006687500514090061,0.2677760124206543,0.4919702184645795,0.8646085262298584,0.5858285900924592,1.402965784072876
varying_n,1600,500,8,1607,independent,0.49941447828782226,1.226773977279663,0.49899974108682843,2.8702497482299805,0.23851867286280962,0.13331842422485352,1.4858494374535108e-05,0.532524824142456,0.010250001214444637,0.2572054862976074,0.49113821660926954,0.9216263294219971,0.5847542434897682,1.269798994064331
varying_n,1600,500,9,1608,independent,0.5024681091749302,0.935511589050293,0.5047151793140623,2.691845178604126,0.2364806367749818,0.2150261402130127,6.918860175676073e-05,0.5359096527099609,0.015250001102685928,0.22974085807800293,0.4909028906134624,1.404402256011963,0.5846445883231779,1.3705847263336182
varying_n,1600,500,10,1609,independent,0.5000697625862848,0.9714031219482422,0.4998385143301489,2.722979784011841,0.23887226600790282,0.14006543159484863,-2.405411243598013e-06,0.5064435005187988,0.001312499982304871,0.23211264610290527,0.4913874672900945,0.9350194931030273,0.5864148579237083,1.6567885875701904
varying_n,1600,500,11,1610,independent,0.5010639716546872,1.0010557174682617,0.5019047163909142,2.438264846801758,0.23846046760455733,0.1773686408996582,1.1457286122942124e-05,0.5521965026855469,0.006000000983476639,0.24347925186157227,0.49110801945001176,1.0184063911437988,0.5851846293759577,1.1663901805877686
varying_n,1600,500,12,1611,independent,0.5029748215600959,0.9435992240905762,0.5049119419439827,2.507267713546753,0.2388234622338607,0.13109135627746582,2.722518383515487e-06,0.580979585647583,0.002875000238418579,0.2581462860107422,0.4908576769285611,1.2273199558258057,0.5845611631420307,1.5534942150115967
varying_n,1600,500,13,1612,independent,0.5021207428023303,0.974215030670166,0.5034943981139134,2.8160111904144287,0.23899543435878962,0.16312694549560547,4.0023011984565585e-06,0.5596230030059814,0.00549999950453639,0.2459428310394287,0.49087638680474005,1.128676414489746,0.5855395012631746,1.2878806591033936
varying_n,1600,500,14,1613,independent,0.5001695345416918,0.9398825168609619,0.5006025373848115,3.0065391063690186,0.23727643693305814,0.34369897842407227,8.51679310616347e-06,0.534559965133667,0.005250000394880772,0.26279735565185547,0.4898338044223527,2.0671393871307373,0.5833534326046717,1.194037914276123
varying_n,1600,500,15,1614,independent,0.5008296496715329,0.9519672393798828,0.5010308706790751,2.57629656791687,0.23990802537935368,0.1915123462677002,6.077290658654513e-07,0.5453450679779053,0.0014375001192092896,0.25222301483154297,0.4916731577209252,1.2950479984283447,0.5860889847732245,1.455705165863037
varying_n,1600,500,16,1615,independent,0.4987030262186708,1.1095044612884521,0.49805451092694647,2.770608425140381,0.2375553238276648,0.1635580062866211,-1.663056694051873e-05,0.5903429985046387,0.006562499795109034,0.29876041412353516,0.4902565395637484,1.246128797531128,0.5838483014073742,1.5242366790771484
varying_n,1600,500,17,1616,independent,0.5012369340075657,1.0190868377685547,0.501819250915812,2.368079900741577,0.23929795541637092,0.15795302391052246,7.354880205984426e-06,0.544062614440918,0.004562500398606062,0.23902559280395508,0.4914546834153653,0.9367291927337646,0.5857942811944645,1.1995289325714111
varying_n,1600,500,18,1617,independent,0.50170903464775,0.9251554012298584,0.503035121790961,2.5268614292144775,0.23799974544151967,0.15431499481201172,6.880150537456124e-07,0.5776851177215576,0.0018125000642612576,0.2918832302093506,0.49076464476924486,0.7526593208312988,0.5849696182006332,1.0463478565216064
varying_n,1600,500,19,1618,independent,0.5000306604918124,0.9067685604095459,0.5001208869559959,2.8751003742218018,0.23782154354583407,0.15300583839416504,7.109658594136953e-06,0.5778195858001709,0.006187499966472387,0.271028995513916,0.4907383193548727,1.8716464042663574,0.5842384922300135,1.1843552589416504
varying_n,1600,500,20,1619,independent,0.5012096255012324,1.043823003768921,0.5020397825223658,2.518303394317627,0.2382027476318017,0.25126147270202637,1.4656688612484314e-05,0.5283012390136719,0.007999999448657036,0.20284509658813477,0.49083084713123115,0.9482452869415283,0.5841579177281155,1.2233455181121826
varying_n,3200,500,1,3200,independent,0.49885449882614585,2.8710153102874756,0.49791576929864884,8.565280437469482,0.1356682389332499,0.2690770626068115,3.9340743547072187e-07,1.8209154605865479,0.0015312500763684511,0.6343457698822021,0.34152723904637367,1.251579999923706,0.413662302230356,1.5412824153900146
varying_n,3200,500,2,3201,independent,0.5005220191982681,2.908510684967041,0.501053253299164,8.396440982818604,0.13470515284523898,0.29364609718322754,2.3661844294615017e-08,1.7292804718017578,0.00034374999813735485,0.6335272789001465,0.34036314035673365,1.1557095050811768,0.4120336325444739,1.8354072570800781
varying_n,3200,500,3,3202,independent,0.5007751702963383,3.0846564769744873,0.5015095396598805,8.899489879608154,0.13454507650373698,0.34535884857177734,4.327988306241029e-08,1.7338600158691406,0.0005000000237487257,0.6492400169372559,0.3401593705141365,1.1140882968902588,0.4120139257593479,1.4973273277282715
varying_n,3200,500,4,3203,independent,0.4984553268898915,2.810356855392456,0.4973348800738669,8.564785957336426,0.13514997357912156,0.24189972877502441,3.409497013424925e-06,1.858539342880249,0.0043750000186264515,0.655224084854126,0.34103241566617193,1.5413224697113037,0.41252427689582655,1.8929626941680908
varying_n,3200,500,5,3204,independent,0.49794733261703694,3.712334156036377,0.4964267967790809,8.730786323547363,0.13527320846923502,0.28528404235839844,-2.1662626927822824e-07,1.7686338424682617,0.002374999923631549,0.6134042739868164,0.3414392250860294,1.0445785522460938,0.41308750698442476,1.5939714908599854
varying_n,3200,500,6,3205,independent,0.49882078576922,2.857675790786743,0.4980681809805415,8.530926704406738,0.13511185945338303,0.24282550811767578,1.3207675242497705e-08,1.7826266288757324,0.000281250016996637,0.6360714435577393,0.3413142558931722,0.9726986885070801,0.4132520887624481,1.8513343334197998
varying_n,3200,500,7,3206,independent,0.4992547551528278,3.188075065612793,0.49867220783377464,8.842998743057251,0.13505207574516692,0.20124411582946777,6.557840499242363e-07,1.7930006980895996,0.0016250000335276127,0.6644113063812256,0.3412329565450425,1.453819990158081,0.4127288599809086,1.760554313659668
varying_n,3200,500,8,3207,independent,0.5007065380959614,3.0777969360351562,0.501270999075062,9.511665344238281,0.1349008259261958,0.18160033226013184,6.07544099289712e-07,1.7845470905303955,0.0017812498845160007,0.7160756587982178,0.3403713516471711,1.1981418132781982,0.41271931144962665,1.8717951774597168
varying_n,3200,500,9,3208,independent,0.50052471306846,3.0277273654937744,0.5008470673229105,9.74196720123291,0.1353020861908258,0.5204086303710938,8.537141832861981e-07,1.8264367580413818,0.002031249925494194,0.7061917781829834,0.34155304241213535,1.6971170902252197,0.4135353508579389,2.3097314834594727
varying_n,3200,500,10,3209,independent,0.4977480752344825,3.2048895359039307,0.49610730940870434,9.113924741744995,0.13525117138907708,0.5056741237640381,5.8573393078615945e-06,1.7541687488555908,0.005375000182539225,0.6693751811981201,0.34089512929742044,2.2281100749969482,0.41306274888590644,1.766303300857544
varying_n,3200,500,11,3210,independent,0.5009530404450382,3.435215473175049,0.5016041785858874,9.772809028625488,0.13489459156119957,0.4219505786895752,3.5968396900245324e-06,1.8043937683105469,0.004156249575316906,0.7440838813781738,0.3401981724139392,2.823518753051758,0.4117731894638108,3.7812860012054443
varying_n,3200,500,12,3211,independent,0.5006474278210182,3.740515947341919,0.5012818062650309,9.332072019577026,0.13496097375974486,0.4678773880004883,4.296419428520386e-08,1.9194684028625488,0.0005000000237487257,0.6900985240936279,0.34072890041274434,1.3627557754516602,0.4133502367702277,2.691377639770508
varying_n,3200,500,13,3212,independent,0.5004758031502574,3.108389377593994,0.5005411294377334,9.8844313621521,0.1362619851604807,0.5068936347961426,6.096281404064182e-06,1.807037115097046,0.007406249642372131,0.7269034385681152,0.34218654525714187,2.0884594917297363,0.4145344149699794,1.6473705768585205
varying_n,3200,500,14,3213,independent,0.4994140910225229,2.657181739807129,0.49904414317450163,9.659689664840698,0.13514438787067964,0.2220020294189453,5.43022436316179e-07,1.860863447189331,0.0015937500866129994,0.6134662628173828,0.34111640829563294,1.8025293350219727,0.41276736357696114,2.0003468990325928
varying_n,3200,500,15,3214,independent,0.5009323470377801,3.055325746536255,0.5014842453181707,8.65844464302063,0.13523897996647716,0.5252425670623779,1.5327481435247697e-06,1.9189319610595703,0.0028437497094273567,0.6201152801513672,0.34132790285956993,1.8209078311920166,0.41334148093227674,1.8499295711517334
varying_n,3200,500,16,3215,independent,0.49955110922083024,3.073223352432251,0.49928437443255197,9.366859912872314,0.13495519509958212,0.5423905849456787,1.556051125865183e-07,1.8510103225708008,0.0009374999790452421,0.641686201095581,0.34059065844140285,1.86979079246521,0.4112178155558008,1.6583199501037598
varying_n,3200,500,17,3216,independent,0.5002250919611957,2.900129795074463,0.500370387175756,8.925432920455933,0.1353966167225847,0.1972501277923584,6.62566551961498e-08,1.7108755111694336,0.0006249999860301614,0.6128313541412354,0.3411343795839512,1.392592430114746,0.4141338811884092,3.1484429836273193
varying_n,3200,500,18,3217,independent,0.5013735147577778,2.9216468334198,0.5021516408047852,9.324139595031738,0.13612147097664892,0.6016302108764648,1.0568641640185583e-06,1.848592758178711,0.0021875000093132257,0.6789066791534424,0.3420178696220554,1.5132408142089844,0.4140043308259593,1.692075252532959
varying_n,3200,500,19,3218,independent,0.49966755637999366,3.217930316925049,0.49935494579893264,9.073532819747925,0.13540672012052885,0.37189316749572754,3.927029130778837e-06,1.830855131149292,0.004687500186264515,0.6087517738342285,0.3408658007956652,1.314263105392456,0.41268401043779623,1.4230828285217285
varying_n,3200,500,20,3219,independent,0.501006900437539,3.0731170177459717,0.5018353049033827,8.790082931518555,0.13472438951161192,0.42763566970825195,4.475739289200151e-07,1.8391213417053223,0.0017187499906867743,0.609316349029541,0.3409085831760412,1.2324483394622803,0.4129585385248573,2.865323543548584
varying_n,6400,500,1,6400,independent,0.5008244952370499,11.67782473564148,0.5014115090547027,36.84093379974365,0.07246842256341403,0.7148265838623047,6.930662026423535e-08,12.814159870147705,0.0006875001126900315,3.4102346897125244,0.23900914656328442,2.4210948944091797,0.2917732897874962,3.8456733226776123
varying_n,6400,500,2,6401,independent,0.4992218305301518,10.55312728881836,0.49870312940809813,37.377567291259766,0.07242795308959028,1.0877397060394287,1.224845179335238e-07,13.006983280181885,0.0008906250586733222,3.319586992263794,0.2391347255231152,2.1386778354644775,0.2914511074414387,2.725032091140747
varying_n,6400,500,3,6402,independent,0.4994941351845037,12.5868980884552,0.49920810853231834,37.37365937232971,0.07212088678191907,0.7971761226654053,2.535529071071487e-07,13.125103235244751,0.0013281250139698386,3.2920901775360107,0.238504730813038,1.3341875076293945,0.2918100515088648,2.5850064754486084
varying_n,6400,500,4,6403,independent,0.49996159520458344,10.60437560081482,0.4999394951058059,35.43899583816528,0.07233598026352393,0.3797786235809326,7.2582630525002434e-09,13.273527145385742,0.00020312500419095159,3.3221046924591064,0.23870791645776251,1.0676169395446777,0.29182929513004485,2.270430326461792
varying_n,6400,500,5,6404,independent,0.49959348227808287,10.67451286315918,0.4993304647158473,36.394195795059204,0.07224980095198671,0.36050915718078613,3.9183920855434716e-08,12.722144603729248,0.0005468750023283064,3.4402785301208496,0.2385520591474037,2.1154260635375977,0.2906495173542919,3.688678741455078
varying_n,6400,500,6,6405,independent,0.5003495682162016,11.892949104309082,0.5005636813886482,36.68061923980713,0.07259505760377717,0.617584228515625,-1.9568387818885524e-06,12.436722040176392,0.0014375000027939677,3.3262336254119873,0.2394027082900339,2.1185152530670166,0.2916395557796523,2.2885172367095947
varying_n,6400,500,7,6406,independent,0.49953752311233424,10.340815782546997,0.49926245652177204,36.06166124343872,0.07238805549399023,0.7646934986114502,7.827329888376205e-08,12.876026391983032,0.0007812500116415322,3.5183825492858887,0.23870730701339116,2.2023041248321533,0.29155072325594183,5.973416328430176
varying_n,6400,500,8,6407,independent,0.49949042100317187,12.052845001220703,0.49919335697352935,35.673216104507446,0.0721513676039124,0.7484500408172607,4.27435508343393e-08,12.93157696723938,0.0005312499706633389,3.2743709087371826,0.2387264592328728,1.3992486000061035,0.2909510224134141,2.2477476596832275
varying_n,6400,500,9,6408,independent,0.499559870737266,10.363699436187744,0.4992771182383147,35.86865544319153,0.07238509141226586,0.38271427154541016,-6.447322167256828e-07,12.57267141342163,0.000640624959487468,3.3310844898223877,0.2393630915929842,1.911630392074585,0.2914271589287899,2.982870101928711
varying_n,6400,500,10,6409,independent,0.4996360973751198,10.699394226074219,0.49935648759684065,35.83330988883972,0.07245106794973137,0.634624719619751,2.1478888409282587e-07,13.576241970062256,0.0011718750465661287,3.389782428741455,0.23935057808057336,1.2921459674835205,0.2916415099435952,2.668485164642334
varying_n,6400,500,11,6410,independent,0.4992090439584574,10.39919638633728,0.4985904963695034,36.112547397613525,0.07287304377953206,0.8014988899230957,7.892344225540701e-09,12.362616539001465,0.0002500000118743628,3.320072650909424,0.23995027801334856,2.8394546508789062,0.29212530311140666,3.4903905391693115
varying_n,6400,500,12,6411,independent,0.5002926190310708,12.663218021392822,0.5005568775605572,38.88540077209473,0.07215596969803369,0.5533182621002197,1.1082059591195627e-06,12.75576114654541,0.002421875251457095,3.294471502304077,0.23857875577589016,1.9463002681732178,0.29094397347899503,2.9892375469207764
varying_n,6400,500,13,6412,independent,0.5000732609610334,12.142898082733154,0.4999712585211082,36.99883794784546,0.07313604527631609,0.6335890293121338,5.937730723350678e-09,12.843949317932129,0.0001875000016298145,3.3087828159332275,0.24034807292521557,1.2482101917266846,0.29247267696155155,3.0550365447998047
varying_n,6400,500,14,6413,independent,0.5000464972113883,10.383808612823486,0.5001459925112965,33.838194847106934,0.07230807815350716,0.42793941497802734,2.3403347244828166e-07,13.274054050445557,0.001312499982304871,3.558271646499634,0.23890054483865805,1.7198765277862549,0.2902903703580011,2.752288818359375
varying_n,6400,500,15,6414,independent,0.5007072955758171,11.177070379257202,0.5012439064066646,35.565834045410156,0.07233194554931718,1.4467439651489258,1.2172959221069114e-06,13.498106241226196,0.003031250322237611,3.3148200511932373,0.2384088714169393,1.1961262226104736,0.29079312043762534,2.040848731994629
varying_n,6400,500,16,6415,independent,0.49961534610997604,11.274198055267334,0.4992942517574877,34.32097792625427,0.07255703281813022,0.7134404182434082,5.93324937393526e-06,13.160381555557251,0.006296874955296516,3.4365556240081787,0.2394041561438807,1.9522273540496826,0.2919898312479534,3.0077686309814453
varying_n,6400,500,17,6416,independent,0.4994151463419671,11.205731868743896,0.499051830987053,36.17898178100586,0.07223264764946033,0.446455717086792,5.377438292222151e-07,13.505169153213501,0.001984375063329935,3.3808822631835938,0.23891063144654923,2.3388147354125977,0.2908514977800048,3.842202663421631
varying_n,6400,500,18,6417,independent,0.5006000225337549,11.979241609573364,0.5009854820804845,37.52856636047363,0.07262280761162809,0.3483104705810547,3.883784021924449e-08,13.308194875717163,0.0005156250554136932,3.292768955230713,0.23933480563304488,1.122126579284668,0.29139620208292094,2.4245476722717285
varying_n,6400,500,19,6418,independent,0.49994569581526516,12.035666465759277,0.49986593707510113,35.77713108062744,0.07269181264510657,0.4193553924560547,1.4647360805631972e-07,12.810145139694214,0.0010000000474974513,3.3361551761627197,0.2393576173675254,1.1521198749542236,0.2924599429124285,2.7534544467926025
varying_n,6400,500,20,6419,independent,0.5002042848965196,10.029675006866455,0.5003956854501337,37.45211172103882,0.07236413186010994,0.8580472469329834,1.1263326220956763e-08,13.155660629272461,0.0002968749904539436,3.3905112743377686,0.23886373494597768,1.684908390045166,0.29106378507610786,2.080820083618164
varying_d,1000,50,1,500000,independent,0.4998264837984277,0.5033760070800781,0.5005381786350745,1.3567125797271729,0.044127725324365014,0.0022809505462646484,1.555795328470992e-05,0.2640533447265625,0.007699999958276749,0.07564139366149902,0.18250084169491718,0.09949445724487305,0.2472682075323087,0.08277082443237305
varying_d,1000,50,2,500001,independent,0.4989321505874612,0.6259899139404297,0.4980013590714872,1.2206103801727295,0.048061350822121214,0.0027022361755371094,1.3159610096676037e-05,0.16734886169433594,0.006199999712407589,0.05071091651916504,0.1939292863664284,0.09635806083679199,0.2541136045553753,0.049695491790771484
varying_d,1000,50,3,500002,independent,0.4992908258960363,0.5666213035583496,0.4986226729882627,1.4227712154388428,0.04843131441031456,0.00478816032409668,0.0003054427401940685,0.2709958553314209,0.034700002521276474,0.08580851554870605,0.19291901680748955,0.0469975471496582,0.2607191776494422,0.02891826629638672
varying_d,1000,50,4,500003,independent,0.5033031809364474,0.5081787109375,0.5057693151188628,1.3362436294555664,0.04687078690662676,0.003509998321533203,0.006997638875076773,0.2354447841644287,0.006000000052154064,0.07932066917419434,0.1882845599141313,0.0563809871673584,0.25391868559031605,0.05153322219848633
varying_d,1000,50,5,500004,independent,0.502752373616101,0.6060328483581543,0.5046602633370874,1.3095874786376953,0.04701206315825085,0.003311634063720703,1.8886614635537547e-06,0.2630586624145508,0.002300000051036477,0.08082866668701172,0.18756898530090055,0.05357837677001953,0.25754107548116645,0.016478538513183594
varying_d,1000,50,6,500005,independent,0.49896162093957686,0.43920159339904785,0.4983569137063286,1.4576904773712158,0.047072252403410585,0.002811431884765625,7.898951765749166e-06,0.2599358558654785,0.004999999888241291,0.0795137882232666,0.1886309444656251,0.03200340270996094,0.25612443639042687,0.03625154495239258
varying_d,1000,50,7,500006,independent,0.5011440318073584,0.44706273078918457,0.5020479589584902,1.262342929840088,0.04876974827478678,0.007789134979248047,7.950151414162168e-05,0.2552201747894287,0.01990000158548355,0.08646702766418457,0.19288695487883395,0.04473519325256348,0.2644791399530456,0.042983055114746094
varying_d,1000,50,8,500007,independent,0.5009872457627969,0.4593207836151123,0.5018619237283808,1.2462220191955566,0.04753253287876063,0.003036975860595703,-0.0008956630192830267,0.2637782096862793,0.024300001561641693,0.08786940574645996,0.18839539509298933,0.044213294982910156,0.25746084506756806,0.019498825073242188
varying_d,1000,50,9,500008,independent,0.4991685272446795,0.6087009906768799,0.4984869070210706,1.1978371143341064,0.04789748259933755,0.002131938934326172,1.2800548113182423e-05,0.26822400093078613,0.006500000599771738,0.08741354942321777,0.18823535432676175,0.03399085998535156,0.25831626824055387,0.02892160415649414
varying_d,1000,50,10,500009,independent,0.4983108780122808,0.4492349624633789,0.4969033809217607,1.2753987312316895,0.04813308185791259,0.0029077529907226562,4.986987538044665e-07,0.2649400234222412,0.0013000001199543476,0.08516263961791992,0.19215993416703228,0.04458808898925781,0.261274253891502,0.024379730224609375
varying_d,1000,50,11,500010,independent,0.49922498450354164,0.5159633159637451,0.4987712924229488,1.1215054988861084,0.04685703867396154,0.0022745132446289062,2.2409402234340086e-06,0.2601027488708496,0.003000000026077032,0.08520030975341797,0.18785078313976844,0.043196916580200195,0.249938532541476,0.015995025634765625
varying_d,1000,50,12,500011,independent,0.49951257670496146,0.6419923305511475,0.4990535026859069,1.2920362949371338,0.04889973089847466,0.003189563751220703,5.659655810036657e-05,0.2729952335357666,0.014100000262260437,0.08830761909484863,0.1940604868058296,0.0703127384185791,0.26094308379848047,0.0469968318939209
varying_d,1000,50,13,500012,independent,0.49682383786592205,0.6223375797271729,0.494691300567245,1.2018485069274902,0.04615407724259662,0.002397775650024414,-4.0523715979538086e-05,0.25801992416381836,0.021000001579523087,0.08278560638427734,0.18704512250254685,0.05225062370300293,0.2518358539737313,0.02739858627319336
varying_d,1000,50,14,500013,independent,0.5026605864381416,0.6157057285308838,0.5048211012201339,1.153029441833496,0.04683388310394789,0.0026438236236572266,3.090496841060017e-06,0.2664780616760254,0.003000000026077032,0.08818936347961426,0.18898340865941177,0.05813169479370117,0.25153697729510066,0.062430381774902344
varying_d,1000,50,15,500014,independent,0.4981896224882197,0.5894644260406494,0.49746118336393363,1.1317784786224365,0.04559124722695862,0.00324249267578125,0.007529743368060542,0.25914669036865234,0.030800001695752144,0.0855855941772461,0.1871953842309816,0.04067492485046387,0.252624365316295,0.01120138168334961
varying_d,1000,50,16,500015,independent,0.49856816736576254,0.48275113105773926,0.49805526019765534,1.236316204071045,0.04563331065978082,0.0033082962036132812,-1.8471632877151703e-05,0.27263355255126953,0.010900001972913742,0.08751487731933594,0.18613834171978713,0.07292604446411133,0.2531857929881607,0.03510332107543945
varying_d,1000,50,17,500016,independent,0.4973581677870255,0.5356943607330322,0.4954243174980416,1.1836144924163818,0.047456390668344284,0.002305746078491211,2.376533514107515e-05,0.27059221267700195,0.014500000514090061,0.08796429634094238,0.19192910420993572,0.052399396896362305,0.25694849323175717,0.023223400115966797
varying_d,1000,50,18,500017,independent,0.49844487172543284,0.6220667362213135,0.49719840680957295,1.1408417224884033,0.04855185718624238,0.002380847930908203,7.756412831466236e-07,0.2667877674102783,0.0015000001294538379,0.08749747276306152,0.1909509596132982,0.049199819564819336,0.26098504147317486,0.01976943016052246
varying_d,1000,50,19,500018,independent,0.5003757745721673,0.44107532501220703,0.5004409138034142,1.1864008903503418,0.04893280531312271,0.002185344696044922,-7.719604943048188e-05,0.25576019287109375,0.006800000090152025,0.08651065826416016,0.19244374169474807,0.018232345581054688,0.25794859437218093,0.029938220977783203
varying_d,1000,50,20,500019,independent,0.5008538759200082,0.5666468143463135,0.5018667059692501,1.3139078617095947,0.046174132199895766,0.013047933578491211,1.1113858490785546e-05,0.24391913414001465,0.007800000254064798,0.08423161506652832,0.1873518187786261,0.07381272315979004,0.2526533736074271,0.0917050838470459
varying_d,1000,100,1,1000000,independent,0.4983288599220463,0.6226038932800293,0.49729990530064494,1.6062042713165283,0.0906755308429984,0.004734039306640625,6.560407899721661e-05,0.24654102325439453,0.020400000736117363,0.07979297637939453,0.270603993750964,0.06281208992004395,0.3537231940576033,0.05374002456665039
varying_d,1000,100,2,1000001,independent,0.4984122178290515,0.5587759017944336,0.4973463200146456,1.251514196395874,0.09013820468082802,0.004598855972290039,2.6021128211563498e-05,0.24064016342163086,0.00930000003427267,0.09219169616699219,0.2697499422329065,0.15796470642089844,0.35295754703548826,0.1832292079925537
varying_d,1000,100,3,1000002,independent,0.4985433609962668,0.5370638370513916,0.49765120414352276,1.2522172927856445,0.09069448931228136,0.004575490951538086,2.0052460539406324e-05,0.2569608688354492,0.007600000593811274,0.09377622604370117,0.270359066189801,0.2267627716064453,0.3555664324256092,0.5656464099884033
varying_d,1000,100,4,1000003,independent,0.5012205853147736,0.5190212726593018,0.5024810129051751,1.3094284534454346,0.08989952788880679,0.008169174194335938,1.095669606544813e-05,0.245253324508667,0.010499999858438969,0.09046792984008789,0.2711710278797211,0.08963274955749512,0.35257483454564464,0.05606269836425781
varying_d,1000,100,5,1000004,independent,0.49785125807169894,0.6760375499725342,0.49612025643249574,1.1543047428131104,0.09176181105747608,0.004419088363647461,2.381010165506096e-05,0.23819279670715332,0.00969999935477972,0.08531999588012695,0.27133930822669844,0.3268160820007324,0.35854401568669847,0.3233950138092041
varying_d,1000,100,6,1000005,independent,0.4976341050469307,0.57240891456604,0.4961266120241724,1.1470918655395508,0.09046310390728256,0.007607460021972656,0.00019387529934785668,0.24858522415161133,0.05020000413060188,0.09236335754394531,0.2705872350319046,0.16750192642211914,0.3541658578741527,0.13292813301086426
varying_d,1000,100,7,1000006,independent,0.5026291481862624,0.5008578300476074,0.5043991329697506,1.2138519287109375,0.09181013748019895,0.004645824432373047,1.2968671249818257e-05,0.23284220695495605,0.014100000262260437,0.09146237373352051,0.27192929982657055,0.0653524398803711,0.3552951009948436,0.06382417678833008
varying_d,1000,100,8,1000007,independent,0.4976371682303546,0.48572564125061035,0.4960843734088518,1.3295342922210693,0.09056912762083372,0.004900932312011719,7.271569693817994e-06,0.21147751808166504,0.004999999888241291,0.09202122688293457,0.2710779156385471,0.0751805305480957,0.35296971486793355,0.03644204139709473
varying_d,1000,100,9,1000008,independent,0.4998490715164062,0.6129574775695801,0.4993008490527822,1.2556729316711426,0.09219552055700805,0.006421089172363281,1.2249792471174282e-05,0.26215624809265137,0.0068000005558133125,0.0928792953491211,0.27219681736860524,0.1420304775238037,0.35565825087877967,0.14321398735046387
varying_d,1000,100,10,1000009,independent,0.49813104687854187,0.5329062938690186,0.4973686883145278,1.4166347980499268,0.0882626998110888,0.008672952651977539,-9.806316999025748e-05,0.25147056579589844,0.023800000548362732,0.0918271541595459,0.26809025932379826,0.11200308799743652,0.3482976126646508,0.06595754623413086
varying_d,1000,100,11,1000010,independent,0.5017435371242986,0.6711416244506836,0.5028795617767583,1.3735673427581787,0.0909325806633813,0.00510859489440918,1.31053735484637e-05,0.25020408630371094,0.006700000260025263,0.09165573120117188,0.27129114561904943,0.08648920059204102,0.3552049158839975,0.06676697731018066
varying_d,1000,100,12,1000011,independent,0.4989345297201009,0.48331379890441895,0.4977266278887857,1.3259625434875488,0.09211661197313888,0.004604816436767578,-5.414742304715256e-05,0.25389933586120605,0.009200001135468483,0.09055447578430176,0.27395780249774176,0.10329318046569824,0.3581674337911145,0.1218411922454834
varying_d,1000,100,13,1000012,independent,0.5006580668845197,0.5608522891998291,0.5015012363937696,1.272294044494629,0.09016244792500883,0.005692481994628906,4.45043233188172e-05,0.2359154224395752,0.011700000613927841,0.09205484390258789,0.2711163989117605,0.13803553581237793,0.352519516160148,0.07194972038269043
varying_d,1000,100,14,1000013,independent,0.49866567168370773,0.5210623741149902,0.4981580336444447,1.405076503753662,0.08976706465577794,0.005045652389526367,0.00035220076550717246,0.26677536964416504,0.037299998104572296,0.08999180793762207,0.2705428554873568,0.07893109321594238,0.3522346546465575,0.05929756164550781
varying_d,1000,100,15,1000014,independent,0.5016707208210214,0.5947258472442627,0.5020798619617682,1.2229986190795898,0.09423251826442597,0.004685878753662109,-2.6862906937348456e-06,0.23392224311828613,0.0036000001709908247,0.08370685577392578,0.27538088493574014,0.23806095123291016,0.35712172108208373,0.1753995418548584
varying_d,1000,100,16,1000015,independent,0.5009759438797515,0.7325732707977295,0.5011214032829903,1.1555511951446533,0.0921980026059146,0.010480403900146484,3.656614518354363e-06,0.2568631172180176,0.0033000002149492502,0.09055352210998535,0.27426895450210675,0.08107590675354004,0.35816426858659234,0.05717658996582031
varying_d,1000,100,17,1000016,independent,0.5005426528733142,0.5641953945159912,0.5013696086745696,1.410478115081787,0.08915225388888594,0.004798412322998047,2.0945335221459844e-05,0.2613537311553955,0.007400000002235174,0.09149527549743652,0.2683174393918977,0.0715188980102539,0.3499072390699741,0.08923077583312988
varying_d,1000,100,18,1000017,independent,0.5004019169470071,0.5357835292816162,0.5007976196528867,1.2711286544799805,0.0905906348898577,0.01669478416442871,8.760215262198736e-06,0.24901652336120605,0.007800000254064798,0.09044456481933594,0.2704116409410379,0.08625483512878418,0.35319821124352146,0.2172551155090332
varying_d,1000,100,19,1000018,independent,0.5012652411930969,0.6532049179077148,0.5023339938471545,1.5020697116851807,0.09049111903570403,0.0078067779541015625,2.984001942213276e-07,0.25954389572143555,0.00800000037997961,0.0876474380493164,0.26945592440387783,0.1057283878326416,0.3520466748423485,0.06482505798339844
varying_d,1000,100,20,1000019,independent,0.4993751807920145,0.5218327045440674,0.49930427768286834,1.7615795135498047,0.08909028408432279,0.004492044448852539,1.3551839402558822e-05,0.2531313896179199,0.02280000038444996,0.0845341682434082,0.2693714356755731,0.14559197425842285,0.350686186062512,0.30945444107055664
varying_d,1000,200,1,2000000,independent,0.49994415658143115,0.7717063426971436,0.4995461772528443,1.578442096710205,0.16806140281154203,0.04311847686767578,0.00043413935220377016,0.2652244567871094,0.03920000419020653,0.10003876686096191,0.3889644171805112,0.16101384162902832,0.4855879483947934,0.16338610649108887
varying_d,1000,200,2,2000001,independent,0.5004249600301705,0.5076897144317627,0.5008326476839752,1.4477436542510986,0.16640025988317586,0.03833174705505371,3.4612048297258183e-06,0.24734163284301758,0.003700000001117587,0.09302210807800293,0.3870170905477373,0.2828044891357422,0.48280860137521375,0.5418496131896973
varying_d,1000,200,3,2000002,independent,0.5033459150533299,0.7465095520019531,0.5053191852322712,1.5959131717681885,0.16804130704416043,0.04225039482116699,-5.61525904051081e-06,0.2690744400024414,0.00419999985024333,0.08380651473999023,0.3882938432044126,0.6461279392242432,0.4861978232823534,0.8172221183776855
varying_d,1000,200,4,2000003,independent,0.5010977289915166,0.6917853355407715,0.5021907970567174,1.5244262218475342,0.16572106709457943,0.026723384857177734,3.0621295276680064e-05,0.1921834945678711,0.010600000619888306,0.03425192832946777,0.3878332489059946,0.47221827507019043,0.4843935031539223,0.32639074325561523
varying_d,1000,200,5,2000004,independent,0.49868311598171317,0.5918078422546387,0.49737570459105,1.7960216999053955,0.16778497805926698,0.03578996658325195,4.390454971633016e-06,0.24455046653747559,0.003700000001117587,0.09876561164855957,0.3873262347029609,0.4424879550933838,0.48558707125277845,0.716400146484375
varying_d,1000,200,6,2000005,independent,0.5014286370538875,0.6026582717895508,0.5028254541257117,1.5089731216430664,0.16523067493731794,0.03365969657897949,1.9721011231526037e-05,0.18887901306152344,0.012900000438094139,0.09948849678039551,0.3869995696276435,0.12066650390625,0.4836123477201879,0.23621630668640137
varying_d,1000,200,7,2000006,independent,0.5006905061374,0.6128954887390137,0.5009833611236698,1.4539380073547363,0.16747153842962118,0.03327536582946777,0.00790674365477974,0.23289060592651367,0.019999999552965164,0.09424638748168945,0.389337570667607,0.20499038696289062,0.4890595853601152,0.12375974655151367
varying_d,1000,200,8,2000007,independent,0.4993182360717431,0.592860221862793,0.4993550367512333,1.3471133708953857,0.16565697347928296,0.019906282424926758,6.556295738867768e-07,0.23843836784362793,0.0014000000664964318,0.09664416313171387,0.38673130645921416,0.16794228553771973,0.48594541254393475,0.1320812702178955
varying_d,1000,200,9,2000008,independent,0.5014667533264727,0.858414888381958,0.5025361914980991,1.4272701740264893,0.1673955599736864,0.03785395622253418,-2.1841851138516377e-06,0.2438035011291504,0.007300000172108412,0.09959053993225098,0.3890561691160139,0.4465065002441406,0.4863225481055788,0.5674254894256592
varying_d,1000,200,10,2000009,independent,0.5022496063197466,0.6454617977142334,0.503777317448865,1.6361064910888672,0.16707350542816135,0.04025697708129883,9.026342098374615e-06,0.23493456840515137,0.01470000110566616,0.0983271598815918,0.3865705185739175,0.3452484607696533,0.48278608170632653,0.39802050590515137
varying_d,1000,200,11,2000010,independent,0.503069404073412,0.5157017707824707,0.5047900795753171,1.3983371257781982,0.16845596404089216,0.01187753677368164,-1.6446094713972068e-06,0.27106785774230957,0.006199999712407589,0.10114526748657227,0.3871339670225846,0.536693811416626,0.48529216092758753,0.682258129119873
varying_d,1000,200,12,2000011,independent,0.49839837633224404,0.7478899955749512,0.4975858928175999,1.430253028869629,0.16563217443965952,0.026009321212768555,7.813115491257551e-05,0.2633943557739258,0.015800001099705696,0.10259199142456055,0.38725614441970035,0.37216639518737793,0.485909841484478,0.2731332778930664
varying_d,1000,200,13,2000012,independent,0.5003415018224637,0.6220173835754395,0.5010122005632465,1.5881378650665283,0.16567093854192724,0.012905120849609375,2.803227293549227e-05,0.26183533668518066,0.010600000619888306,0.10153532028198242,0.3871347929573017,0.6448328495025635,0.48275577043344886,0.4381115436553955
varying_d,1000,200,14,2000013,independent,0.4997988449371215,0.5001575946807861,0.4993471841137403,1.3127217292785645,0.16746500417861065,0.033745527267456055,2.7381121545393703e-07,0.2606945037841797,0.0009000000427477062,0.10096192359924316,0.3882175877164298,0.43434953689575195,0.4863377049392552,0.215989351272583
varying_d,1000,200,15,2000014,independent,0.49940989085277665,0.5567066669464111,0.49924388501481703,1.411168098449707,0.1656668073668324,0.021998167037963867,-1.9237192002135893e-05,0.2504878044128418,0.002400000113993883,0.09728145599365234,0.3874394235362012,0.28559160232543945,0.4854165740593288,0.1988842487335205
varying_d,1000,200,16,2000015,independent,0.49794138025801354,0.6294028759002686,0.4968168797456982,1.5916695594787598,0.16469532808198228,0.02425241470336914,4.6833167483800703e-05,0.2599184513092041,0.013500001281499863,0.08983397483825684,0.38607701841451897,0.3910830020904541,0.48412094738941036,0.3653290271759033
varying_d,1000,200,17,2000016,independent,0.5005670881302143,0.552222728729248,0.5009928893160713,1.3287827968597412,0.16612880977338937,0.014963626861572266,2.0383053958522503e-05,0.25568294525146484,0.00860000029206276,0.09921431541442871,0.3879400470375717,0.4886777400970459,0.4855794696822771,0.6703073978424072
varying_d,1000,200,18,2000017,independent,0.5016870658233383,0.5985045433044434,0.5029659663824604,1.5525481700897217,0.16692087982678008,0.01925182342529297,0.00015465407021325077,0.2627720832824707,0.024799998849630356,0.09731411933898926,0.3868475784651298,0.5935676097869873,0.48478311959093007,0.5874042510986328
varying_d,1000,200,19,2000018,independent,0.5018007787346465,0.7113773822784424,0.5028999159902652,1.4709129333496094,0.16770678755604054,0.028074264526367188,1.1008207798707325e-05,0.26377344131469727,0.0066000004298985004,0.09934878349304199,0.3885194049783552,0.5819313526153564,0.487540113769899,0.5752966403961182
varying_d,1000,200,20,2000019,independent,0.4989839338336332,0.6133332252502441,0.4981039691478502,1.7258293628692627,0.1676974209209889,0.011720895767211914,-8.748532716235253e-05,0.2525367736816406,0.010499999858438969,0.09188437461853027,0.3874263049883767,0.2066206932067871,0.48600748575546815,0.2277388572692871
varying_d,1000,400,1,4000000,independent,0.4993080736046668,0.632277250289917,0.49938123347557256,1.4870774745941162,0.2845955170033627,0.1443614959716797,-5.578519738893712e-05,0.29767394065856934,0.006200000178068876,0.12265324592590332,0.5613409100752359,2.0420424938201904,0.6654177722540258,1.3346102237701416
varying_d,1000,400,2,4000001,independent,0.5035576478281889,0.8458726406097412,0.5064842823901402,1.8556244373321533,0.2844804648727177,0.1148383617401123,-7.159919516859813e-07,0.25456786155700684,0.004200000315904617,0.12125420570373535,0.5608663780189689,1.042234182357788,0.6640387034137072,0.7402701377868652
varying_d,1000,400,3,4000002,independent,0.4992198912339193,0.7267744541168213,0.49905184471631703,1.607424020767212,0.2853880648812212,0.06440615653991699,-1.594661763154641e-05,0.2518308162689209,0.015700001269578934,0.06537675857543945,0.561494157372193,0.7579646110534668,0.664713734706867,0.7838029861450195
varying_d,1000,400,4,4000003,independent,0.4997555009919739,0.7144927978515625,0.49981703988276005,2.068915843963623,0.2850446897044207,0.12563824653625488,6.186016292847871e-06,0.21596002578735352,0.004399999510496855,0.11426234245300293,0.5611437533317727,1.4537832736968994,0.6654831233739652,0.753340482711792
varying_d,1000,400,5,4000004,independent,0.5005258605298686,0.6131491661071777,0.5008565444257047,1.8402378559112549,0.28569545500331306,0.17715954780578613,8.256788367010536e-06,0.2861766815185547,0.004800000227987766,0.11648845672607422,0.5610626196128177,2.0750553607940674,0.6657444769306956,0.7881100177764893
varying_d,1000,400,6,4000005,independent,0.49920342587076055,0.8431341648101807,0.4994982562375964,1.783228874206543,0.28327355147045713,0.11580491065979004,4.14152728281963e-06,0.2921149730682373,0.0035000001080334187,0.11556077003479004,0.5604479937143396,1.4855461120605469,0.6635565244448358,1.6029787063598633
varying_d,1000,400,7,4000006,independent,0.5001193096904519,0.8119237422943115,0.5004198371592659,2.1872875690460205,0.28575446991911996,0.10707736015319824,-2.3603657870226293e-05,0.27144765853881836,0.005800000391900539,0.11797642707824707,0.5620080544507214,1.3747124671936035,0.6650406251696737,1.800154209136963
varying_d,1000,400,8,4000007,independent,0.4955412988138439,0.8390531539916992,0.49328954151989995,2.005971908569336,0.2833618083823978,0.1676039695739746,6.466839609766289e-06,0.2607119083404541,0.0046000005677342415,0.11459183692932129,0.5613299681237109,1.9186489582061768,0.6654703246917385,2.0433120727539062
varying_d,1000,400,9,4000008,independent,0.5014479469449409,0.8368957042694092,0.5022982380575158,2.153008460998535,0.28686822501981124,0.16746759414672852,4.3403075309266694e-05,0.28962111473083496,0.02250000275671482,0.11016583442687988,0.5618907820338831,0.6014018058776855,0.6660360559405729,0.8457257747650146
varying_d,1000,400,10,4000009,independent,0.5002127438059302,0.7538249492645264,0.5008103911253118,1.9039320945739746,0.28438055229337494,0.1235346794128418,3.378187392664064e-07,0.27393007278442383,0.0012000000569969416,0.11305952072143555,0.5608083554235193,0.7706100940704346,0.6641670389957839,0.7305350303649902
varying_d,1000,400,11,4000010,independent,0.49966402875821714,0.5662569999694824,0.4996841237190581,1.958573341369629,0.28505177675564153,0.1532888412475586,0.007331039254002377,0.2824380397796631,0.00970000121742487,0.11780142784118652,0.562135116984748,1.0036628246307373,0.6647655670025214,1.1031036376953125
varying_d,1000,400,12,4000011,independent,0.499417387327207,0.6768698692321777,0.49964754566084807,1.8225188255310059,0.28347749761193974,0.22514057159423828,0.007142187354817354,0.2415788173675537,0.024399999529123306,0.1170039176940918,0.5606947220481859,2.9044907093048096,0.6653986691861407,1.9375708103179932
varying_d,1000,400,13,4000012,independent,0.5010811793757686,0.8265705108642578,0.5014411263060939,1.5498278141021729,0.2878183598523204,0.07654285430908203,4.2325171685259526e-06,0.2522599697113037,0.0034000000450760126,0.1164708137512207,0.5616782223393219,1.3927769660949707,0.6654668104158692,0.7926759719848633
varying_d,1000,400,14,4000013,independent,0.4982686153086955,0.7272062301635742,0.4970709457726581,1.4911394119262695,0.2852914539305077,0.05014538764953613,1.0336756205858639e-05,0.25603771209716797,0.007900000549852848,0.11387038230895996,0.562289256014667,0.4414546489715576,0.6669283451874396,0.6747496128082275
varying_d,1000,400,15,4000014,independent,0.5005837520887622,0.5876662731170654,0.5016596360261182,1.5517683029174805,0.28426883016570637,0.06375622749328613,4.7240540275631215e-07,0.2890479564666748,0.0012000000569969416,0.12425780296325684,0.5613561878909494,1.3736262321472168,0.6656193947986795,0.62847900390625
varying_d,1000,400,16,4000015,independent,0.5017288390595004,0.6764073371887207,0.5028477978624852,1.5245580673217773,0.28613136421589314,0.09105753898620605,0.00590897452093448,0.27106285095214844,0.008999999612569809,0.11266493797302246,0.5614830570485388,0.7121315002441406,0.6655866105612556,0.5196743011474609
varying_d,1000,400,17,4000016,independent,0.4994475597842331,0.6525237560272217,0.49955883203440704,1.4745099544525146,0.2845873871519791,0.101837158203125,5.726397109260051e-05,0.2645435333251953,0.013500000350177288,0.1135857105255127,0.5609490271118692,0.5438549518585205,0.6646190515504135,0.5237076282501221
varying_d,1000,400,18,4000017,independent,0.49974901755462875,0.6969494819641113,0.4994808621281707,1.32962965965271,0.28577336839203477,0.14521169662475586,0.013011964200074165,0.2747466564178467,0.02460000291466713,0.1172642707824707,0.5627650623713406,1.3977060317993164,0.6660777318900424,1.3170604705810547
varying_d,1000,400,19,4000018,independent,0.5018957976012084,0.5545704364776611,0.5033931916853628,1.4868769645690918,0.28535474290250246,0.0979166030883789,3.596672416541453e-06,0.2701587677001953,0.0033000002149492502,0.11662936210632324,0.5599231145686185,1.3642542362213135,0.6643438883304611,0.6771039962768555
varying_d,1000,400,20,4000019,independent,0.4998626121111091,0.66756272315979,0.499792189034883,1.4638960361480713,0.2858059146153097,0.11196541786193848,1.61672242557521e-05,0.28137826919555664,0.007100000511854887,0.1285097599029541,0.5625465978600207,0.590158224105835,0.6663183586124097,0.7124068737030029
varying_d,1000,800,1,8000000,independent,0.5018169371776586,0.7411653995513916,0.5030503980763819,1.886169195175171,0.44559568271786426,0.1367342472076416,7.363473934157711e-06,0.278489351272583,0.005100000184029341,0.1493244171142578,0.8475175481713398,2.760288715362549,0.9214617522784643,2.8114991188049316
varying_d,1000,800,2,8000001,independent,0.49989002830485796,0.8044455051422119,0.49982573814470305,1.914592981338501,0.4445124277363185,0.3049018383026123,-3.8037698865724623e-06,0.2808198928833008,0.0029000001959502697,0.15320396423339844,,,,
varying_d,1000,800,3,8000002,independent,0.5006477920806578,0.7237839698791504,0.50136897211823,1.8197157382965088,0.4434035378319343,0.2841017246246338,3.83233575866692e-05,0.30169224739074707,0.011800000444054604,0.154707670211792,0.8473620819535611,3.21382737159729,0.9209674958541163,3.381452798843384
varying_d,1000,800,4,8000003,independent,0.5024045006930778,0.7617032527923584,0.5034649669558885,2.033283233642578,0.44616780778333714,0.13945865631103516,1.6718227547888987e-05,0.276029109954834,0.006899999920278788,0.1432650089263916,0.8479638031303302,2.9392213821411133,0.9227690285329233,2.959782361984253
varying_d,1000,800,5,8000004,independent,0.4996015554632789,0.772463321685791,0.5002288943938984,1.8903148174285889,0.44289942236618346,0.2080078125,-4.955205849330373e-05,0.3100578784942627,0.009400000795722008,0.14648008346557617,0.8478593117691434,3.289921760559082,0.9217982577236754,3.0312201976776123
varying_d,1000,800,6,8000005,independent,0.4957512602783144,0.793036937713623,0.4930145318614051,1.8480043411254883,0.4441213184485211,0.2848215103149414,0.006716138864848126,0.2813706398010254,0.0012000000569969416,0.1506824493408203,0.8473138251206985,3.428515672683716,0.9215043258606113,3.7368226051330566
varying_d,1000,800,7,8000006,independent,0.5029102589563511,0.6943128108978271,0.504750548921997,1.7573678493499756,0.44503620309851954,0.21245121955871582,3.235420663441697e-05,0.28755640983581543,0.009800000116229057,0.14194798469543457,,,,
varying_d,1000,800,8,8000007,independent,0.49848191277449794,0.7888317108154297,0.4972854701202631,1.8496286869049072,0.44475345179221376,0.3751692771911621,0.0006349173520717035,0.15465116500854492,0.04580000415444374,0.10703539848327637,0.8475435974950443,5.76386284828186,0.9218492244295474,4.093216896057129
varying_d,1000,800,9,8000008,independent,0.5022786814870983,1.2131693363189697,0.503484111090224,2.2483363151550293,0.44577611971472947,0.6869392395019531,-3.212880872196187e-05,0.3419008255004883,0.011500000022351742,0.1389920711517334,0.8471935192053579,4.214349746704102,0.9219098771844858,5.368206977844238
varying_d,1000,800,10,8000009,independent,0.4998359722447899,1.3220558166503906,0.500028940259387,2.5857250690460205,0.4443935958970856,0.27194786071777344,2.742906608981802e-06,0.29093480110168457,0.005499999970197678,0.14449286460876465,0.8471604984010456,3.3465676307678223,0.921874549564633,3.5339512825012207
varying_d,1000,800,11,8000010,independent,0.5020780339457694,0.7919671535491943,0.5038113565572897,2.1104161739349365,0.44445353762073475,0.34018731117248535,1.3056989616785356e-06,0.270338773727417,0.002099999925121665,0.14787960052490234,0.8476877205085858,4.104452610015869,0.9219125486882539,6.630958795547485
varying_d,1000,800,12,8000011,independent,0.5006745884160714,0.8939671516418457,0.5009853634113829,2.105452537536621,0.44561831698109494,0.2841825485229492,2.1938330345575793e-05,0.29412102699279785,0.0066000004298985004,0.13625788688659668,0.8473991555495729,5.750709056854248,0.9221788585083596,3.8537797927856445
varying_d,1000,800,13,8000012,independent,0.4970376568953723,0.85964035987854,0.4953059902916928,2.1476564407348633,0.4436293016944792,0.32076406478881836,1.3214933871383982e-05,0.2931227684020996,0.019599998369812965,0.150557279586792,0.846852558724853,4.652219772338867,0.9220787402066608,4.053337574005127
varying_d,1000,800,14,8000013,independent,0.4974628897434509,0.9539642333984375,0.4959015760423269,1.9316227436065674,0.4441442898880232,0.2191464900970459,2.4725677872931373e-06,0.32189011573791504,0.011500000022351742,0.14133262634277344,0.8473850804354001,4.012796640396118,0.9221972505122009,5.198441743850708
varying_d,1000,800,15,8000014,independent,0.49664930862726453,1.112762689590454,0.4942391460108941,1.6497197151184082,0.44495924987922997,0.18885135650634766,2.243309552586035e-05,0.25522398948669434,0.009400000795722008,0.15199756622314453,0.8475214336950256,3.799309492111206,0.92130568144507,4.605855226516724
varying_d,1000,800,16,8000015,independent,0.5013269883109562,0.7595024108886719,0.5020904994940126,2.2169299125671387,0.445370042692467,0.18548917770385742,4.142042524445043e-05,0.2879304885864258,0.009900000877678394,0.13696837425231934,0.8475475092992204,2.899768829345703,0.9220281018409587,3.4287562370300293
varying_d,1000,800,17,8000016,independent,0.4989806399585959,0.8245363235473633,0.4982992224570908,1.8709030151367188,0.444571144857552,0.21432757377624512,1.378327593299179e-05,0.22968840599060059,0.006300000008195639,0.1576833724975586,0.8473887157486183,3.6468355655670166,0.922117940055829,3.2663347721099854
varying_d,1000,800,18,8000017,independent,0.4996814289239139,0.7559814453125,0.4997555856409371,2.134141206741333,0.4437007484789468,0.2514643669128418,1.6369627751524883e-06,0.2798140048980713,0.0026000002399086952,0.14926481246948242,0.8472508199608787,4.16238260269165,0.9220530388391381,4.611052513122559
varying_d,1000,800,19,8000018,independent,0.4995625745986467,0.7403900623321533,0.4991058517246138,1.8431153297424316,0.44483121138189435,0.20996379852294922,0.00010522474452165473,0.2952423095703125,0.020900001749396324,0.15108156204223633,0.8477125098423501,2.568826913833618,0.9216196432055161,4.576165437698364
varying_d,1000,800,20,8000019,independent,0.49783607053947737,0.8738279342651367,0.49666491821518016,1.9156336784362793,0.44375752623837617,0.35507702827453613,0.00034842991091584566,0.236785888671875,0.036400001496076584,0.14592838287353516,0.847246951618171,3.52030086517334,0.9225700557406383,4.548217058181763
varying_d,1000,1600,1,16000000,independent,0.49742901619053925,1.5609843730926514,0.4953515469387253,3.117948532104492,0.6166904670748692,0.6386353969573975,1.4342313779649429e-05,0.29968786239624023,0.006599999964237213,0.1719961166381836,,,,
varying_d,1000,1600,2,16000001,independent,0.49605107311720537,1.3692240715026855,0.493707376206344,3.360799551010132,0.6143777555602163,0.9628114700317383,7.195204102752149e-06,0.33035707473754883,0.00430000014603138,0.1623520851135254,,,,
varying_d,1000,1600,3,16000002,independent,0.4988787183977565,1.572962999343872,0.49782148950356575,2.6504154205322266,0.6154961202128044,1.1474361419677734,1.1194597760003852e-05,0.29546689987182617,0.006000000052154064,0.18222475051879883,,,,
varying_d,1000,1600,4,16000003,independent,0.49935869938074345,1.5084338188171387,0.4992281541063116,2.8168442249298096,0.6153828303185495,0.759803056716919,1.2951786937997584e-05,0.28148508071899414,0.0066999997943639755,0.2056288719177246,,,,
varying_d,1000,1600,5,16000004,independent,0.5020637390897912,1.2456893920898438,0.5029593042026252,3.322387933731079,0.6162379039089264,0.9934818744659424,8.71522270961109e-06,0.3239719867706299,0.005400000140070915,0.13944578170776367,,,,
varying_d,1000,1600,6,16000005,independent,0.499124517302874,1.8478140830993652,0.49865257635973387,3.525162696838379,0.6156428745324178,1.0045015811920166,6.1302639836329e-06,0.3131442070007324,0.004100000485777855,0.18876433372497559,,,,
varying_d,1000,1600,7,16000006,independent,0.4977846383457606,1.351024866104126,0.4961952662587955,3.244234561920166,0.6154790891548881,0.6889019012451172,8.367464171167705e-06,0.27715563774108887,0.005100000184029341,0.17350387573242188,,,,
varying_d,1000,1600,8,16000007,independent,0.5020718774887112,1.2405180931091309,0.5032790644888984,2.3539953231811523,0.6162435057459164,0.8416328430175781,1.8265181540392204e-08,0.2811744213104248,0.00020000000949949026,0.16370820999145508,,,,
varying_d,1000,1600,9,16000008,independent,0.5009179299540021,1.24208402633667,0.5018343065288068,2.5467116832733154,0.6146541871673322,0.7624402046203613,4.7860839533630067e-05,0.3150515556335449,0.01529999915510416,0.1798560619354248,,,,
varying_d,1000,1600,10,16000009,independent,0.4998413624044887,1.1100852489471436,0.4995321378588293,2.6883082389831543,0.6158217384876015,0.8282208442687988,9.352630878368773e-06,0.3369712829589844,0.00860000029206276,0.1917257308959961,,,,
varying_d,1000,1600,11,16000010,independent,0.5011683487094308,1.2527353763580322,0.5020785118841451,2.826277017593384,0.6159962512167056,0.5583078861236572,5.2467026174923934e-05,0.30297398567199707,0.029500002041459084,0.16382908821105957,,,,
varying_d,1000,1600,12,16000011,independent,0.5017949753360575,1.128471851348877,0.502675380421396,2.4854352474212646,0.6167088992293966,0.6395430564880371,3.7648655061223363e-06,0.30373215675354004,0.003800000064074993,0.16818881034851074,,,,
varying_d,1000,1600,13,16000012,independent,0.5005729878174768,1.1333708763122559,0.5010228224658851,2.3088316917419434,0.6162995580199842,0.8461987972259521,2.032424254136543e-05,0.30139923095703125,0.007500000298023224,0.13970446586608887,,,,
varying_d,1000,1600,14,16000013,independent,0.5011220639477153,1.2201018333435059,0.5022235382318115,2.28562331199646,0.614607087276638,0.6989574432373047,-2.5767079941249284e-05,0.2777421474456787,0.004900000523775816,0.16737055778503418,,,,
varying_d,1000,1600,15,16000014,independent,0.5006879243973432,1.1624608039855957,0.5010444752968195,2.172626495361328,0.6155927945200154,0.6935138702392578,-3.582038062701807e-06,0.3095085620880127,0.0029000001959502697,0.18549489974975586,,,,
varying_d,1000,1600,16,16000015,independent,0.50328280384593,1.3173041343688965,0.5057191507722901,2.5680806636810303,0.6158964400823751,1.210575819015503,1.2267952911843206e-05,0.3118741512298584,0.007100000511854887,0.18646025657653809,,,,
varying_d,1000,1600,17,16000016,independent,0.49850756969394244,1.1423654556274414,0.49764668974677356,3.0549399852752686,0.6151142301102099,0.9708588123321533,4.245497694161797e-06,0.3248744010925293,0.004100000485777855,0.1179192066192627,,,,
varying_d,1000,1600,18,16000017,independent,0.49742980455405306,1.6268784999847412,0.4955979704023273,3.062682628631592,0.615470948008131,0.8701796531677246,7.704880630335581e-05,0.3631114959716797,0.016899999231100082,0.17282390594482422,,,,
varying_d,1000,1600,19,16000018,independent,0.4972934276962333,2.1580982208251953,0.49561409750765795,3.1486358642578125,0.6155738006418138,0.8890335559844971,4.956019495466818e-06,0.2663280963897705,0.00430000014603138,0.16568636894226074,,,,
varying_d,1000,1600,20,16000019,independent,0.5014139129109069,0.9675891399383545,0.5030247940456883,2.9741814136505127,0.6148583011229136,1.0670602321624756,1.5075822606557523e-05,0.2779972553253174,0.007600000593811274,0.16633200645446777,,,,
varying_d,1000,3200,1,32000000,independent,0.49809251736706645,2.1009609699249268,0.497234332182849,4.471585035324097,0.7616545234489317,2.6398253440856934,-0.00018181070260508937,0.31079554557800293,0.01470000110566616,0.21175837516784668,,,,
varying_d,1000,3200,2,32000001,independent,0.5019838696411842,2.1570446491241455,0.5029629862705522,4.54697585105896,0.7625968720719175,2.5174102783203125,1.1703527657576254e-06,0.326977014541626,0.0018000000854954123,0.20598983764648438,,,,
varying_d,1000,3200,3,32000002,independent,0.500924668155129,2.7647435665130615,0.501472868723623,4.8314855098724365,0.7622549667991969,2.8550405502319336,0.00035593235176456614,0.3105461597442627,0.04170000180602074,0.22027969360351562,,,,
varying_d,1000,3200,4,32000003,independent,0.5001859916028253,2.036829948425293,0.5008685397940377,4.786863565444946,0.7619860811260315,3.13690185546875,1.9871214131711836e-05,0.31035661697387695,0.00839999970048666,0.22977375984191895,,,,
varying_d,1000,3200,5,32000004,independent,0.5011142264508998,2.227567672729492,0.5011169072763797,4.158032178878784,0.7630647371764159,2.8564205169677734,1.7482781102666678e-05,0.27681779861450195,0.007400000002235174,0.17753291130065918,,,,
varying_d,1000,3200,6,32000005,independent,0.501304617242493,3.127180576324463,0.502244421340877,5.085795879364014,0.7623685229767487,2.9221622943878174,1.3541190692117754e-05,0.264801025390625,0.0066000004298985004,0.13452935218811035,,,,
varying_d,1000,3200,7,32000006,independent,0.5005871101562485,1.8483972549438477,0.5011387917103862,3.8637614250183105,0.7619684299930375,2.145503520965576,5.36381948617129e-07,0.31432533264160156,0.00139999995008111,0.19583535194396973,,,,
varying_d,1000,3200,8,32000007,independent,0.5010858513824445,1.6542904376983643,0.50183075878535,3.640011787414551,0.7618853838669494,2.4588451385498047,5.745299346511722e-06,0.3102390766143799,0.004800000227987766,0.20958209037780762,,,,
varying_d,1000,3200,9,32000008,independent,0.5023287335431624,1.5862138271331787,0.5033607711908265,3.3325939178466797,0.7629011503731147,2.572526454925537,0.005985232978854989,0.31258296966552734,0.018299998715519905,0.21517395973205566,,,,
varying_d,1000,3200,10,32000009,independent,0.5012880234944364,1.9298620223999023,0.5019669830734286,3.9716384410858154,0.7623815350935103,2.5251049995422363,1.2095026310055492e-05,0.26803040504455566,0.010999999940395355,0.1805131435394287,,,,
varying_d,1000,3200,11,32000010,independent,0.5016966044200513,2.276484727859497,0.5030907551913858,3.935729742050171,0.7621758952883135,2.4078965187072754,8.827310946765613e-05,0.2960953712463379,0.023900002241134644,0.2442467212677002,,,,
varying_d,1000,3200,12,32000011,independent,0.4979761685533229,2.004695177078247,0.49644965132448016,3.5844316482543945,0.7620731856855917,2.3292438983917236,0.006491019051394098,0.2832674980163574,0.013100001029670238,0.21872353553771973,,,,
varying_d,1000,3200,13,32000012,independent,0.4993424065347913,1.5368006229400635,0.4984693574606479,4.006353855133057,0.7623754095708131,2.6804215908050537,-3.3800063100990737e-06,0.2967090606689453,0.003499999875202775,0.1977221965789795,,,,
varying_d,1000,3200,14,32000013,independent,0.49906881430528727,2.103452682495117,0.49860371756813787,3.463412046432495,0.7622723008683194,2.7918877601623535,-6.0439770792757436e-05,0.2892005443572998,0.01230000052601099,0.21547174453735352,,,,
varying_d,1000,3200,15,32000014,independent,0.5003855438604937,1.867283582687378,0.500159928396124,3.8556759357452393,0.762560782620239,3.0042104721069336,0.006523897836480477,0.2943594455718994,0.0021999997552484274,0.2145519256591797,,,,
varying_d,1000,3200,16,32000015,independent,0.5021186597419063,2.180171489715576,0.5035495731267534,4.522278070449829,0.7620617480574585,2.672229528427124,6.77466188007541e-06,0.33060789108276367,0.00430000014603138,0.2021627426147461,,,,
varying_d,1000,3200,17,32000016,independent,0.49757183034738145,1.8536016941070557,0.4950985163691258,3.5013937950134277,0.7628415544269336,2.41859769821167,2.735687483367492e-06,0.2985243797302246,0.003000000026077032,0.21212339401245117,,,,
varying_d,1000,3200,18,32000017,independent,0.501198186162114,1.8799099922180176,0.5023185340342423,4.042189598083496,0.7619258309131463,2.6929636001586914,-3.1806847602224864e-05,0.27335286140441895,0.0074000004678964615,0.17624521255493164,,,,
varying_d,1000,3200,19,32000018,independent,0.49941482965931866,1.819098711013794,0.49883362399913256,3.4605159759521484,0.7623788471328419,2.844797134399414,1.449454114225061e-05,0.30217766761779785,0.006000000052154064,0.2650580406188965,,,,
varying_d,1000,3200,20,32000019,independent,0.5001394280051594,2.20475435256958,0.5005440490007296,5.034353256225586,0.7623033994314493,2.667762517929077,6.028170023211306e-06,0.2921595573425293,0.004800000227987766,0.17348861694335938,,,,
varying_d,1000,6400,1,64000000,independent,0.5023829119700863,3.590442657470703,0.5038366878022679,7.264110326766968,0.8652116332261556,10.546553373336792,3.1549720462588554e-05,0.3606903553009033,0.010600000619888306,0.25002408027648926,,,,
varying_d,1000,6400,2,64000001,independent,0.5012745811944209,2.6785900592803955,0.5019839917625699,5.748556613922119,0.8650479065358617,9.458157777786255,4.973621161533279e-06,0.34285783767700195,0.003800000064074993,0.2509016990661621,,,,
varying_d,1000,6400,3,64000002,independent,0.4994332930124513,3.3181276321411133,0.4990007058211672,6.500868082046509,0.8652325134318846,10.152867555618286,3.906985832856928e-06,0.39064455032348633,0.0034000000450760126,0.2045729160308838,,,,
varying_d,1000,6400,4,64000003,independent,0.4987681709765878,3.1037755012512207,0.49818483332388575,7.010720491409302,0.8645334068821434,9.116972208023071,1.0943762511606434e-06,0.3570220470428467,0.0019000001484528184,0.24636530876159668,,,,
varying_d,1000,6400,5,64000004,independent,0.500129522307879,2.652805805206299,0.4997751315495007,5.677793502807617,0.8653733975475005,10.139890670776367,-3.181047584797021e-05,0.3536076545715332,0.010100000537931919,0.22125840187072754,,,,
varying_d,1000,6400,6,64000005,independent,0.5000361584028918,3.167937994003296,0.5000722362151258,7.186460256576538,0.86478411667707,9.964450120925903,0.000199915136892917,0.3731558322906494,0.034299999475479126,0.2597053050994873,,,,
varying_d,1000,6400,7,64000006,independent,0.5019955667089936,2.8302724361419678,0.5029235186185476,6.023138523101807,0.8653389345338324,9.478273391723633,1.0110230593827383e-05,0.33364176750183105,0.005900000222027302,0.25350260734558105,,,,
varying_d,1000,6400,8,64000007,independent,0.4981450167602472,3.0449633598327637,0.49712684793101997,5.7728071212768555,0.864573741697439,9.017941951751709,-3.083224352898274e-05,0.31296372413635254,0.006600000895559788,0.26020240783691406,,,,
varying_d,1000,6400,9,64000008,independent,0.49815706287449774,3.4619123935699463,0.49640549579675974,6.120316028594971,0.8652805410229956,9.953967332839966,1.2625322554660541e-05,0.38306498527526855,0.00930000003427267,0.20632028579711914,,,,
varying_d,1000,6400,10,64000009,independent,0.4995647631599535,3.136569023132324,0.4992011152182487,6.1370110511779785,0.8653750918142189,9.749884605407715,-9.253405692873446e-06,0.3189399242401123,0.005300000309944153,0.22726702690124512,,,,
varying_d,1000,6400,11,64000010,independent,0.5022904628074969,3.196653127670288,0.504246815362688,7.899399042129517,0.8648782580052924,9.42426872253418,1.667937039322067e-05,0.3802917003631592,0.007800000254064798,0.30696964263916016,,,,
varying_d,1000,6400,12,64000011,independent,0.5010630149187263,3.322208881378174,0.5022461197204826,7.082273006439209,0.8648570922562672,9.451393365859985,1.2878757396343498e-05,0.30089473724365234,0.007000000681728125,0.2499079704284668,,,,
varying_d,1000,6400,13,64000012,independent,0.5009105036900628,3.7008252143859863,0.5015984857084991,7.287512302398682,0.8647078879957527,9.774991273880005,1.2083762878913326e-05,0.4085884094238281,0.006199999712407589,0.21725726127624512,,,,
varying_d,1000,6400,14,64000013,independent,0.5010126057921649,3.817880392074585,0.502140075299811,6.025686979293823,0.8643659771979425,9.340088844299316,9.642189326625665e-06,0.38650965690612793,0.00570000009611249,0.2423713207244873,,,,
varying_d,1000,6400,15,64000014,independent,0.4982218350615144,3.575350522994995,0.4968887387658008,7.215107679367065,0.8652819268860105,9.043173789978027,0.0007752558591275835,0.4013991355895996,0.045200005173683167,0.26996326446533203,,,,
varying_d,1000,6400,16,64000015,independent,0.5002161640598515,3.1413373947143555,0.5000594268437236,6.82903528213501,0.8648644413838543,9.701369285583496,-2.1308886144908215e-05,0.36592888832092285,0.007900000549852848,0.20903539657592773,,,,
varying_d,1000,6400,17,64000016,independent,0.4992944627994728,3.547935962677002,0.49893243681367166,5.983817100524902,0.8649504748157612,9.232118129730225,6.424865521991928e-06,0.39732956886291504,0.004900000058114529,0.2032623291015625,,,,
varying_d,1000,6400,18,64000017,independent,0.4989048908628067,3.1489973068237305,0.4982239580903468,6.365071058273315,0.8647590644063345,10.445948839187622,0.0002051097632561219,0.3733854293823242,0.030500002205371857,0.2578847408294678,,,,
varying_d,1000,6400,19,64000018,independent,0.5002710626458121,4.341235876083374,0.5000446286572963,5.992552042007446,0.8648667365517279,8.828483819961548,0.005957756342638298,0.4427835941314697,0.004699999932199717,0.26346850395202637,,,,
varying_d,1000,6400,20,64000019,independent,0.5010202587356896,2.40097975730896,0.501244529398032,4.716646194458008,0.8650702460015977,9.03290843963623,-1.8393409650302932e-05,0.36557722091674805,0.0052999998442828655,0.24371337890625,,,,
