experiment,n_points,dim,k_outliers,sigma,run,seed,case,outlier_direction_mode,TSI_score,TSI_time,QSI_score,QSI_time,CKA_score,CKA_time,CKNNA_score,CKNNA_time,MutualNN_score,MutualNN_time,SVCCA_score,SVCCA_time,PWCCA_score,PWCCA_time
varying_sigma_random,1000,50,20,0,1,0,outliers_random_direction_per_outlier,per_outlier,1.0,0.29245424270629883,1.0,0.552056074142456,1.0,0.0018944740295410156,0.9999860980102725,0.1374514102935791,1.0,0.021584749221801758,1.0,0.03490734100341797,1.0000000000000013,0.019126176834106445
varying_sigma_random,1000,50,20,0,2,1,outliers_random_direction_per_outlier,per_outlier,1.0,0.23572278022766113,1.0,0.6369976997375488,1.0,0.0015611648559570312,0.9999806154802027,0.13422536849975586,1.0,0.02096390724182129,1.0000000000000002,0.026262521743774414,1.000000000000002,0.011586904525756836
varying_sigma_random,1000,50,20,0,3,2,outliers_random_direction_per_outlier,per_outlier,1.0,0.25986194610595703,1.0,0.6538374423980713,1.0,0.0014150142669677734,0.9999896079071108,0.13209748268127441,1.0,0.020648956298828125,1.0000000000000002,0.030968189239501953,1.0000000000000013,0.01201939582824707
varying_sigma_random,1000,50,20,0,4,3,outliers_random_direction_per_outlier,per_outlier,1.0,0.2617630958557129,1.0,0.6825850009918213,1.0,0.0013811588287353516,0.9999842138304987,0.13540148735046387,1.0,0.02085089683532715,0.9999999999999999,0.02596569061279297,1.000000000000001,0.025632619857788086
varying_sigma_random,1000,50,20,0,5,4,outliers_random_direction_per_outlier,per_outlier,1.0,0.22851252555847168,1.0,0.7589311599731445,1.0,0.0016531944274902344,0.9999848956900866,0.13157916069030762,1.0,0.020361661911010742,1.0000000000000002,0.03209733963012695,1.0000000000000018,0.009825944900512695
varying_sigma_random,1000,50,20,0,6,5,outliers_random_direction_per_outlier,per_outlier,1.0,0.23057985305786133,1.0,0.6295068264007568,1.0,0.0013208389282226562,0.9999889195594748,0.14141106605529785,1.0,0.020456552505493164,0.9999999999999999,0.014453649520874023,1.0000000000000009,0.014374017715454102
varying_sigma_random,1000,50,20,0,7,6,outliers_random_direction_per_outlier,per_outlier,1.0,0.25091004371643066,1.0,0.7640442848205566,1.0,0.0018699169158935547,0.9999851710103433,0.1340179443359375,1.0,0.020706653594970703,0.9999999999999996,0.02434253692626953,1.0000000000000009,0.009198427200317383
varying_sigma_random,1000,50,20,0,8,7,outliers_random_direction_per_outlier,per_outlier,1.0,0.24953413009643555,1.0,0.715008020401001,1.0,0.0012760162353515625,0.9999867840897009,0.13732576370239258,1.0,0.02094554901123047,1.000000000000001,0.02517414093017578,1.0000000000000022,0.017692089080810547
varying_sigma_random,1000,50,20,0,9,8,outliers_random_direction_per_outlier,per_outlier,1.0,0.22584128379821777,1.0,0.7324190139770508,1.0,0.0013599395751953125,0.9999844744496945,0.13670063018798828,1.0,0.020666122436523438,1.0,0.024020910263061523,1.000000000000001,0.014521598815917969
varying_sigma_random,1000,50,20,0,10,9,outliers_random_direction_per_outlier,per_outlier,1.0,0.2847926616668701,1.0,0.6882669925689697,1.0,0.0026314258575439453,0.9999812021729446,0.1439058780670166,1.0,0.021883726119995117,1.0000000000000007,0.017713308334350586,1.0000000000000018,0.01011967658996582
varying_sigma_random,1000,50,20,0,11,10,outliers_random_direction_per_outlier,per_outlier,1.0,0.3109586238861084,1.0,0.8134477138519287,1.0,0.0013132095336914062,0.9999874109429908,0.14264845848083496,1.0,0.021352052688598633,0.9999999999999996,0.02597832679748535,1.0000000000000007,0.012813806533813477
varying_sigma_random,1000,50,20,0,12,11,outliers_random_direction_per_outlier,per_outlier,1.0,0.24241852760314941,1.0,0.744065523147583,1.0,0.0011990070343017578,0.9999854886764027,0.13501477241516113,1.0,0.02111649513244629,1.0000000000000004,0.03229188919067383,1.0000000000000016,0.014222860336303711
varying_sigma_random,1000,50,20,0,13,12,outliers_random_direction_per_outlier,per_outlier,1.0,0.3107461929321289,1.0,0.7969150543212891,1.0000000000000004,0.0018584728240966797,0.9999883053000904,0.14042448997497559,1.0,0.02126908302307129,1.0000000000000007,0.021912336349487305,1.0000000000000013,0.019725561141967773
varying_sigma_random,1000,50,20,0,14,13,outliers_random_direction_per_outlier,per_outlier,1.0,0.3167550563812256,1.0,0.6548275947570801,1.0,0.0026564598083496094,0.9999887436114745,0.13315963745117188,1.0,0.021059036254882812,0.9999999999999999,0.03707122802734375,1.0000000000000009,0.026858091354370117
varying_sigma_random,1000,50,20,0,15,14,outliers_random_direction_per_outlier,per_outlier,1.0,0.24631547927856445,1.0,0.7435204982757568,1.0,0.0012059211730957031,0.9999867836373935,0.1184844970703125,1.0,0.02167797088623047,0.9999999999999999,0.03853344917297363,1.000000000000001,0.021921634674072266
varying_sigma_random,1000,50,20,0,16,15,outliers_random_direction_per_outlier,per_outlier,1.0,0.27405858039855957,1.0,0.6062467098236084,1.0,0.0018150806427001953,0.999989159137391,0.11591219902038574,1.0,0.020931482315063477,1.0,0.020824909210205078,1.0000000000000013,0.016176700592041016
varying_sigma_random,1000,50,20,0,17,16,outliers_random_direction_per_outlier,per_outlier,1.0,0.3508620262145996,1.0,0.704012393951416,0.9999999999999997,0.0019390583038330078,0.9999880347677503,0.12658357620239258,1.0,0.02071380615234375,0.9999999999999999,0.025815725326538086,1.0000000000000009,0.015529632568359375
varying_sigma_random,1000,50,20,0,18,17,outliers_random_direction_per_outlier,per_outlier,1.0,0.2715606689453125,1.0,0.5865809917449951,1.0,0.0016324520111083984,0.9999874152986205,0.13285541534423828,1.0,0.020364046096801758,0.9999999999999996,0.02452397346496582,1.0000000000000007,0.007850170135498047
varying_sigma_random,1000,50,20,0,19,18,outliers_random_direction_per_outlier,per_outlier,1.0,0.24132966995239258,1.0,0.6450679302215576,0.9999999999999997,0.0012500286102294922,0.9999899866658257,0.1362001895904541,1.0,0.0202484130859375,0.9999999999999996,0.023380279541015625,1.0000000000000007,0.01830601692199707
varying_sigma_random,1000,50,20,0,20,19,outliers_random_direction_per_outlier,per_outlier,1.0,0.23161697387695312,1.0,0.6881062984466553,1.0,0.0012009143829345703,0.9999902539089462,0.13711237907409668,1.0,0.02028656005859375,0.9999999999999996,0.018306493759155273,1.0000000000000007,0.010135173797607422
varying_sigma_random,1000,50,20,1,1,1000,outliers_random_direction_per_outlier,per_outlier,0.9884095237522091,0.24577069282531738,0.9834286442348945,0.6793191432952881,0.9954589041885649,0.0012340545654296875,0.9618582808842788,0.1358199119567871,0.9803000092506409,0.020224332809448242,0.9976158286123187,0.014144659042358398,0.9984583888438802,0.008741617202758789
varying_sigma_random,1000,50,20,1,2,1001,outliers_random_direction_per_outlier,per_outlier,0.9895697280446779,0.25232601165771484,0.9853372175720623,0.6738393306732178,0.9954497738817815,0.0015439987182617188,0.9229405344867978,0.1415424346923828,0.9557999968528748,0.021538496017456055,0.9976302926621201,0.01886892318725586,0.9984130580981022,0.01393890380859375
varying_sigma_random,1000,50,20,1,3,1002,outliers_random_direction_per_outlier,per_outlier,0.9887101028884596,0.2364346981048584,0.983759796459555,0.6412794589996338,0.9954773943896832,0.0012221336364746094,0.9824512085824169,0.14345312118530273,0.9842000007629395,0.020877599716186523,0.9975782460616287,0.02504444122314453,0.9984482024753814,0.011008977890014648
varying_sigma_random,1000,50,20,1,4,1003,outliers_random_direction_per_outlier,per_outlier,0.989808558057055,0.24600911140441895,0.9859718660858191,0.6901838779449463,0.995409201127394,0.0011982917785644531,0.9706086805615399,0.1345503330230713,0.9850000143051147,0.021266460418701172,0.9976543371499607,0.020685911178588867,0.9984210473205298,0.010912895202636719
varying_sigma_random,1000,50,20,1,5,1004,outliers_random_direction_per_outlier,per_outlier,0.9895370199859178,0.24119019508361816,0.9852896480700292,0.6666748523712158,0.9954428736867287,0.0012352466583251953,0.9543854057603037,0.14042353630065918,0.9726999402046204,0.02040719985961914,0.9975980744705828,0.022543668746948242,0.998408613992535,0.00937795639038086
varying_sigma_random,1000,50,20,1,6,1005,outliers_random_direction_per_outlier,per_outlier,0.9884235237241249,0.24190473556518555,0.9832932114310196,0.7122750282287598,0.9953785661576328,0.0013365745544433594,0.9516311500523846,0.13273906707763672,0.9803999662399292,0.020187854766845703,0.9976706194735787,0.03023052215576172,0.9984611472302567,0.01923537254333496
varying_sigma_random,1000,50,20,1,7,1006,outliers_random_direction_per_outlier,per_outlier,0.9901233477966945,0.24342870712280273,0.9864424263460411,0.6731703281402588,0.9953824276845511,0.0012440681457519531,0.9305653377234423,0.12187433242797852,0.9699999094009399,0.020177364349365234,0.9976434831539512,0.03699779510498047,0.9984316574287815,0.012278556823730469
varying_sigma_random,1000,50,20,1,8,1007,outliers_random_direction_per_outlier,per_outlier,0.989463563764165,0.23935842514038086,0.985465358520974,0.6483590602874756,0.9953230057904904,0.0014531612396240234,0.9473670119531442,0.13522887229919434,0.9725000262260437,0.02016615867614746,0.9976654626739558,0.020708799362182617,0.9984854744741349,0.012186050415039062
varying_sigma_random,1000,50,20,1,9,1008,outliers_random_direction_per_outlier,per_outlier,0.9892412512713114,0.2316114902496338,0.9850825740303631,0.6528282165527344,0.9954393979408852,0.0022950172424316406,0.9350849061117857,0.1329975128173828,0.9735999703407288,0.020784378051757812,0.9976104584451743,0.02484726905822754,0.9984528349516131,0.01172637939453125
varying_sigma_random,1000,50,20,1,10,1009,outliers_random_direction_per_outlier,per_outlier,0.9888730353600093,0.24501442909240723,0.9843084248864956,0.6043763160705566,0.9953734403659901,0.0012824535369873047,0.9427493322292686,0.1429731845855713,0.9576999545097351,0.02119612693786621,0.9976269011170529,0.03592967987060547,0.9984351146320788,0.010621786117553711
varying_sigma_random,1000,50,20,1,11,1010,outliers_random_direction_per_outlier,per_outlier,0.9899956870698353,0.2580547332763672,0.9865280707991847,0.671799898147583,0.9954714126106194,0.0012280941009521484,0.9448870808745432,0.13396954536437988,0.9791999459266663,0.02001047134399414,0.9976046534314328,0.019537687301635742,0.9984432212706258,0.009067296981811523
varying_sigma_random,1000,50,20,1,12,1011,outliers_random_direction_per_outlier,per_outlier,0.9880580079077073,0.24524307250976562,0.9826425954721382,0.70461106300354,0.9954197082902041,0.0012125968933105469,0.936018810138599,0.14471960067749023,0.9666000008583069,0.02073979377746582,0.9976641842965955,0.021419763565063477,0.9984503106321885,0.013661384582519531
varying_sigma_random,1000,50,20,1,13,1012,outliers_random_direction_per_outlier,per_outlier,0.9885811061562565,0.23221421241760254,0.9836390489017066,0.6621787548065186,0.9953494171611696,0.0012950897216796875,0.9027252757921195,0.13605070114135742,0.936199963092804,0.020641565322875977,0.9976574064382848,0.019457578659057617,0.998472058868068,0.018930673599243164
varying_sigma_random,1000,50,20,1,14,1013,outliers_random_direction_per_outlier,per_outlier,0.9894412629061927,0.24590635299682617,0.9851912656088792,0.6814229488372803,0.99538450626291,0.0011897087097167969,0.9118560448575208,0.13744258880615234,0.9456998705863953,0.020871639251708984,0.9976337446378658,0.02078533172607422,0.9984320865746653,0.014107942581176758
varying_sigma_random,1000,50,20,1,15,1014,outliers_random_direction_per_outlier,per_outlier,0.9899358877915992,0.24103116989135742,0.9862676594581005,0.6535892486572266,0.9954697891826327,0.001180410385131836,0.955387805268768,0.11965370178222656,0.9673999547958374,0.020165443420410156,0.9976349782812057,0.023593425750732422,0.9984547627489315,0.019512414932250977
varying_sigma_random,1000,50,20,1,16,1015,outliers_random_direction_per_outlier,per_outlier,0.9887878439561806,0.23669052124023438,0.9840620874742558,0.6251795291900635,0.9954595582653317,0.0012764930725097656,0.9886763909025388,0.1328287124633789,0.9891000390052795,0.020847558975219727,0.9975991291154835,0.027043581008911133,0.9984170940843055,0.015008926391601562
varying_sigma_random,1000,50,20,1,17,1016,outliers_random_direction_per_outlier,per_outlier,0.989153407916935,0.2567758560180664,0.9847765655437005,0.6223330497741699,0.9953894930711834,0.0015110969543457031,0.9585494189568734,0.1384594440460205,0.9725000262260437,0.02085256576538086,0.9976469006754456,0.0164949893951416,0.9984325226300914,0.0195162296295166
varying_sigma_random,1000,50,20,1,18,1017,outliers_random_direction_per_outlier,per_outlier,0.9877820265154934,0.2464122772216797,0.9821655515814143,0.6174187660217285,0.9953939732601461,0.0012316703796386719,0.9731512449204337,0.1312718391418457,0.9868000745773315,0.02014327049255371,0.997652469059571,0.019699811935424805,0.9984668165352383,0.017515182495117188
varying_sigma_random,1000,50,20,1,19,1018,outliers_random_direction_per_outlier,per_outlier,0.9886189977552703,0.24175453186035156,0.983700470604654,0.7179718017578125,0.9953962920036816,0.001367807388305664,0.9446950748052659,0.12361836433410645,0.9365999698638916,0.020951509475708008,0.9976314180757134,0.020540952682495117,0.9984631812577448,0.010688304901123047
varying_sigma_random,1000,50,20,1,20,1019,outliers_random_direction_per_outlier,per_outlier,0.9884803300294283,0.23340082168579102,0.9834932291382684,0.689666748046875,0.9954939108494265,0.0017137527465820312,0.9942859355740266,0.13881874084472656,0.9887000322341919,0.020865678787231445,0.9976179772827048,0.03005051612854004,0.9984242790660729,0.012588977813720703
varying_sigma_random,1000,50,20,2,1,2000,outliers_random_direction_per_outlier,per_outlier,0.9770020862545913,0.25473904609680176,0.9637981133073865,0.6607294082641602,0.9817540478518886,0.0012593269348144531,0.8383701491549149,0.13723278045654297,0.88319993019104,0.02093815803527832,0.9909561103698169,0.028861284255981445,0.9940645047165743,0.02022242546081543
varying_sigma_random,1000,50,20,2,2,2001,outliers_random_direction_per_outlier,per_outlier,0.9765634672748901,0.25489068031311035,0.9638452326816015,0.6602740287780762,0.9816014454052164,0.0012946128845214844,0.8123288413794599,0.13275885581970215,0.8862999081611633,0.020583391189575195,0.9908575488815308,0.039244890213012695,0.9941058941189787,0.023833036422729492
varying_sigma_random,1000,50,20,2,3,2002,outliers_random_direction_per_outlier,per_outlier,0.9761704630482185,0.24875330924987793,0.9627213787697804,0.6433637142181396,0.9816799217554932,0.0012810230255126953,0.8733085283162242,0.1371304988861084,0.9459999203681946,0.020539045333862305,0.9909051388720406,0.030790328979492188,0.994053812428047,0.015905380249023438
varying_sigma_random,1000,50,20,2,4,2003,outliers_random_direction_per_outlier,per_outlier,0.9767611499274826,0.23651933670043945,0.9639720778541007,0.6596245765686035,0.9816960126010086,0.001276254653930664,0.8182009289833737,0.13234639167785645,0.8876999616622925,0.020666837692260742,0.9908888533755135,0.03228640556335449,0.9941011282370906,0.0272979736328125
varying_sigma_random,1000,50,20,2,5,2004,outliers_random_direction_per_outlier,per_outlier,0.9774115117121129,0.24166584014892578,0.9652494934155628,0.6692981719970703,0.9818409676272504,0.0014209747314453125,0.8612335010649981,0.13123512268066406,0.882099986076355,0.02100086212158203,0.9905902922001119,0.025196075439453125,0.9938425876786354,0.023031949996948242
varying_sigma_random,1000,50,20,2,6,2005,outliers_random_direction_per_outlier,per_outlier,0.9796685663619531,0.24293851852416992,0.9691324022277362,0.6485302448272705,0.9816023654399527,0.001270294189453125,0.7227192757789284,0.12968850135803223,0.7817999124526978,0.02086663246154785,0.9908159991762006,0.027930021286010742,0.9939275075546001,0.04629969596862793
varying_sigma_random,1000,50,20,2,7,2006,outliers_random_direction_per_outlier,per_outlier,0.9779973119411998,0.24872398376464844,0.9656822308587061,0.6713874340057373,0.9815167428302395,0.0012829303741455078,0.7732721055864273,0.13739967346191406,0.8711999654769897,0.020705461502075195,0.9909249414211027,0.03614091873168945,0.9940866549935461,0.0241241455078125
varying_sigma_random,1000,50,20,2,8,2007,outliers_random_direction_per_outlier,per_outlier,0.9799399479639961,0.2893950939178467,0.9696078329210108,0.6459722518920898,0.9814878975670779,0.001397848129272461,0.815798168378459,0.12745356559753418,0.882099986076355,0.0208590030670166,0.9909189928173784,0.029435396194458008,0.9940812919773616,0.012452840805053711
varying_sigma_random,1000,50,20,2,9,2008,outliers_random_direction_per_outlier,per_outlier,0.9756393146653668,0.24208879470825195,0.9620941597674119,0.6743888854980469,0.9816482425701596,0.0018227100372314453,0.9307828026676267,0.13721203804016113,0.9587000608444214,0.02075052261352539,0.9908417968141382,0.02709794044494629,0.9939784171588145,0.023216724395751953
varying_sigma_random,1000,50,20,2,10,2009,outliers_random_direction_per_outlier,per_outlier,0.9783583242561198,0.2558252811431885,0.9668154398219865,0.6309061050415039,0.9814901281819479,0.0012631416320800781,0.8572551383920173,0.13598990440368652,0.9355998635292053,0.020390748977661133,0.9910799462476941,0.021614551544189453,0.9941574507287826,0.016524076461791992
varying_sigma_random,1000,50,20,2,11,2010,outliers_random_direction_per_outlier,per_outlier,0.9759247845039428,0.23511314392089844,0.962222559868387,0.7105069160461426,0.9813425031367143,0.0011849403381347656,0.9032879592489873,0.13506555557250977,0.9409999251365662,0.020262956619262695,0.9908106239591927,0.022922754287719727,0.9940366034464062,0.00922393798828125
varying_sigma_random,1000,50,20,2,12,2011,outliers_random_direction_per_outlier,per_outlier,0.9760596307730576,0.23414039611816406,0.9628129070129781,0.6175627708435059,0.9815563375132268,0.001447916030883789,0.8923775895995767,0.14371252059936523,0.896899938583374,0.020290613174438477,0.9908265941617619,0.040548086166381836,0.9939721324178659,0.008453607559204102
varying_sigma_random,1000,50,20,2,13,2012,outliers_random_direction_per_outlier,per_outlier,0.9788460785434734,0.24964070320129395,0.9673274380142318,0.6482388973236084,0.9817512754810481,0.0012507438659667969,0.913423357504423,0.12811779975891113,0.9523999094963074,0.020139694213867188,0.9908043255552599,0.015024185180664062,0.9939032114439263,0.011984586715698242
varying_sigma_random,1000,50,20,2,14,2013,outliers_random_direction_per_outlier,per_outlier,0.9791044691986576,0.23317933082580566,0.9680716293003093,0.6459624767303467,0.9819071074795853,0.0012621879577636719,0.8456426024967217,0.1373753547668457,0.9544000029563904,0.020825862884521484,0.9906292495989326,0.030019760131835938,0.9940467570440471,0.01583552360534668
varying_sigma_random,1000,50,20,2,15,2014,outliers_random_direction_per_outlier,per_outlier,0.9773385890900921,0.23150873184204102,0.9652606173569143,0.6293172836303711,0.9816457014947408,0.0013363361358642578,0.8151185367294461,0.1355750560760498,0.8578999638557434,0.020804882049560547,0.9908303300609742,0.035950422286987305,0.9940542515820929,0.015449285507202148
varying_sigma_random,1000,50,20,2,16,2015,outliers_random_direction_per_outlier,per_outlier,0.9780349989267825,0.2532846927642822,0.9664771068638703,0.6560957431793213,0.9814865831910488,0.001695394515991211,0.8046878814780642,0.1360166072845459,0.9014999270439148,0.020839452743530273,0.9908997976253002,0.034169912338256836,0.9940017809207444,0.025989294052124023
varying_sigma_random,1000,50,20,2,17,2016,outliers_random_direction_per_outlier,per_outlier,0.9766834128717896,0.2896873950958252,0.9636288401293074,0.6487319469451904,0.9819068631524926,0.0012319087982177734,0.9232169720399811,0.13103246688842773,0.9429999589920044,0.02086663246154785,0.990700013367849,0.03363847732543945,0.9939666744481338,0.010846376419067383
varying_sigma_random,1000,50,20,2,18,2017,outliers_random_direction_per_outlier,per_outlier,0.9767236214170082,0.2655150890350342,0.9638288699973875,0.6555438041687012,0.9816494666776763,0.0014655590057373047,0.7531978671697048,0.13869214057922363,0.8051999807357788,0.021062135696411133,0.9908381829362649,0.030874252319335938,0.9941415896885482,0.014854669570922852
varying_sigma_random,1000,50,20,2,19,2018,outliers_random_direction_per_outlier,per_outlier,0.9785642917466565,0.2410266399383545,0.9668444849977181,0.6483485698699951,0.9820137436189058,0.0010080337524414062,0.8539216214750204,0.1151120662689209,0.9314999580383301,0.020806550979614258,0.9907792723210126,0.03524422645568848,0.9940158037183825,0.011316537857055664
varying_sigma_random,1000,50,20,2,20,2019,outliers_random_direction_per_outlier,per_outlier,0.9771619114104084,0.24399638175964355,0.9646898807720833,0.6722054481506348,0.9818713092446628,0.0014238357543945312,0.8437335885265902,0.13666510581970215,0.8631998896598816,0.020839691162109375,0.9907392392151286,0.028321027755737305,0.9939247647519087,0.017145156860351562
varying_sigma_random,1000,50,20,4,1,4000,outliers_random_direction_per_outlier,per_outlier,0.9742068300765696,0.23883962631225586,0.9619368974665485,0.6569921970367432,0.9261261805301905,0.0012772083282470703,0.490843396648781,0.1316814422607422,0.5983999371528625,0.020107746124267578,0.9683340563619839,0.020769596099853516,0.9791659430271182,0.008630990982055664
varying_sigma_random,1000,50,20,4,2,4001,outliers_random_direction_per_outlier,per_outlier,0.972877823715499,0.24316024780273438,0.9596715089451012,0.7496824264526367,0.9272769788616874,0.0014233589172363281,0.6559703080249965,0.13662171363830566,0.742900013923645,0.020398378372192383,0.967545398367402,0.025581836700439453,0.9786376433889055,0.009010076522827148
varying_sigma_random,1000,50,20,4,3,4002,outliers_random_direction_per_outlier,per_outlier,0.972240420781503,0.2341306209564209,0.958903698258291,0.6479306221008301,0.9274551238819727,0.0012288093566894531,0.48442572859767713,0.13898015022277832,0.6535000205039978,0.0202028751373291,0.9670038569210135,0.020708084106445312,0.9790274772640912,0.008104085922241211
varying_sigma_random,1000,50,20,4,4,4003,outliers_random_direction_per_outlier,per_outlier,0.9734073191427901,0.23990535736083984,0.9605686197551251,0.6397275924682617,0.9263256174660529,0.0014040470123291016,0.5441005854347193,0.13824868202209473,0.6360999941825867,0.020830631256103516,0.9676883873233305,0.028455734252929688,0.9786876572375458,0.01865553855895996
varying_sigma_random,1000,50,20,4,5,4004,outliers_random_direction_per_outlier,per_outlier,0.9747718038679962,0.2603156566619873,0.9628247869379198,0.563976526260376,0.9272931472352702,0.0011358261108398438,0.5254761350249602,0.1364576816558838,0.6438999772071838,0.020899057388305664,0.9679067678535505,0.02826523780822754,0.979549281267243,0.025429964065551758
varying_sigma_random,1000,50,20,4,6,4005,outliers_random_direction_per_outlier,per_outlier,0.9741217610395967,0.2911415100097656,0.9618793967745591,0.7565932273864746,0.9267293104031581,0.0014667510986328125,0.4551783449733236,0.13776206970214844,0.5205999612808228,0.02210688591003418,0.9673431780174446,0.03261542320251465,0.9784184544753184,0.013546228408813477
varying_sigma_random,1000,50,20,4,7,4006,outliers_random_direction_per_outlier,per_outlier,0.9725800630289608,0.25728297233581543,0.9595181123801533,0.7110965251922607,0.9275004383455673,0.001519918441772461,0.45567861657802455,0.12560772895812988,0.5837999582290649,0.020931482315063477,0.9666717680335251,0.02674388885498047,0.9784834120082434,0.01915764808654785
varying_sigma_random,1000,50,20,4,8,4007,outliers_random_direction_per_outlier,per_outlier,0.972077137257498,0.2666432857513428,0.9584937495691319,0.5988664627075195,0.9271039221725014,0.0015578269958496094,0.707509376766543,0.14115619659423828,0.8306999802589417,0.021863460540771484,0.9676156236324744,0.03697705268859863,0.9788722057852837,0.015291452407836914
varying_sigma_random,1000,50,20,4,9,4008,outliers_random_direction_per_outlier,per_outlier,0.9742697426885804,0.27815890312194824,0.9622978201868861,0.6889324188232422,0.9274487855951322,0.0012357234954833984,0.6549409283863675,0.13847947120666504,0.6984000205993652,0.020978450775146484,0.9675609302018477,0.04549860954284668,0.9789170937219359,0.010393857955932617
varying_sigma_random,1000,50,20,4,10,4009,outliers_random_direction_per_outlier,per_outlier,0.9742189704734795,0.3210427761077881,0.9625980808819907,0.6991238594055176,0.9263953528138523,0.0015108585357666016,0.5167471992040636,0.14366388320922852,0.6083999276161194,0.021271705627441406,0.9678783435985023,0.04499554634094238,0.9784712214997249,0.01962137222290039
varying_sigma_random,1000,50,20,4,11,4010,outliers_random_direction_per_outlier,per_outlier,0.9730273459832578,0.2564091682434082,0.9602841436419767,0.7306087017059326,0.9261943261269477,0.0014204978942871094,0.4588119680304281,0.13661646842956543,0.6146000623703003,0.02128458023071289,0.9677508072335231,0.030392885208129883,0.9789821375827231,0.018625497817993164
varying_sigma_random,1000,50,20,4,12,4011,outliers_random_direction_per_outlier,per_outlier,0.9729608887444559,0.27935314178466797,0.9598429594351146,0.6702682971954346,0.9261786060259066,0.0014379024505615234,0.46777867204019224,0.13703203201293945,0.6608999967575073,0.026493310928344727,0.9676749855400492,0.031789541244506836,0.9785056436106941,0.017083406448364258
varying_sigma_random,1000,50,20,4,13,4012,outliers_random_direction_per_outlier,per_outlier,0.9725816578101147,0.25464701652526855,0.9594797381003615,0.7084405422210693,0.9268937823211102,0.002302408218383789,0.5239249805816864,0.18754148483276367,0.6710000038146973,0.04458951950073242,0.9675681220007047,0.02611708641052246,0.979086214617148,0.022899389266967773
varying_sigma_random,1000,50,20,4,14,4013,outliers_random_direction_per_outlier,per_outlier,0.9754483982980977,0.3001534938812256,0.9645650738788508,0.7453479766845703,0.9263151975509493,0.0019736289978027344,0.590397346276426,0.1913440227508545,0.761199951171875,0.04621458053588867,0.967222080686664,0.03716254234313965,0.9785111283531753,0.022464990615844727
varying_sigma_random,1000,50,20,4,15,4014,outliers_random_direction_per_outlier,per_outlier,0.9730644010744212,0.34482812881469727,0.9597829279461672,0.9059944152832031,0.9257438490700152,0.002229452133178711,0.46582889660318866,0.25560998916625977,0.6968000531196594,0.05319833755493164,0.9679080804168543,0.05592226982116699,0.9792307950393686,0.01491856575012207
varying_sigma_random,1000,50,20,4,16,4015,outliers_random_direction_per_outlier,per_outlier,0.9749500081243568,0.3201723098754883,0.9634246250600322,0.9737801551818848,0.9251936760020751,0.002638101577758789,0.7366236601469718,0.2793600559234619,0.8404000401496887,0.08558297157287598,0.9680711883378582,0.04903721809387207,0.9791618903184045,0.022484540939331055
varying_sigma_random,1000,50,20,4,17,4016,outliers_random_direction_per_outlier,per_outlier,0.9733691607439102,0.4301316738128662,0.960540322997675,0.8808908462524414,0.9268922687560556,0.003404855728149414,0.5482680969958609,0.25968313217163086,0.6408000588417053,0.08787655830383301,0.9674199267552775,0.0428462028503418,0.9785614986541409,0.03244948387145996
varying_sigma_random,1000,50,20,4,18,4017,outliers_random_direction_per_outlier,per_outlier,0.9738712379714384,0.3353917598724365,0.9618053464225567,0.9098145961761475,0.9275997401115109,0.004658222198486328,0.6129237878986885,0.2572503089904785,0.7530999779701233,0.08647632598876953,0.9673364787935028,0.029188871383666992,0.9783180365507622,0.040960073471069336
varying_sigma_random,1000,50,20,4,19,4018,outliers_random_direction_per_outlier,per_outlier,0.9744975135456098,0.35224151611328125,0.962811553040026,0.8916316032409668,0.9277963637263605,0.002980470657348633,0.7188973242886902,0.2648437023162842,0.8791999220848083,0.08459806442260742,0.9670344347752612,0.05666160583496094,0.9785394907057575,0.02555084228515625
varying_sigma_random,1000,50,20,4,20,4019,outliers_random_direction_per_outlier,per_outlier,0.9742742080758113,0.39621543884277344,0.9626910933985101,1.1498956680297852,0.9257952498717692,0.0029234886169433594,0.6640293206435794,0.2612767219543457,0.8606999516487122,0.08821916580200195,0.9681914140094833,0.049484968185424805,0.9792546859386798,0.02278757095336914
varying_sigma_random,1000,50,20,8,1,8000,outliers_random_direction_per_outlier,per_outlier,0.9723222420817611,0.3768880367279053,0.9615427385745795,0.9407482147216797,0.7294378892239112,0.0023615360260009766,0.227521468864381,0.27456235885620117,0.5217999815940857,0.07812929153442383,0.9085199820117489,0.03742837905883789,0.9406990087860265,0.028911590576171875
varying_sigma_random,1000,50,20,8,2,8001,outliers_random_direction_per_outlier,per_outlier,0.9726873787615271,0.3634169101715088,0.9619213235060053,0.8519179821014404,0.733928020523619,0.0025360584259033203,0.22430008950332656,0.24584746360778809,0.5180000066757202,0.08903098106384277,0.9084877916924645,0.07073616981506348,0.9397341616287006,0.0590825080871582
varying_sigma_random,1000,50,20,8,3,8002,outliers_random_direction_per_outlier,per_outlier,0.9726719966459445,0.4607052803039551,0.9622143057785937,0.9498810768127441,0.7297239465325748,0.002465486526489258,0.3067162471011434,0.2418673038482666,0.4715999960899353,0.0900881290435791,0.9094538374980793,0.07399654388427734,0.940072998177253,0.04767632484436035
varying_sigma_random,1000,50,20,8,4,8003,outliers_random_direction_per_outlier,per_outlier,0.9731746134912468,0.3745608329772949,0.9627424635345632,0.9340107440948486,0.7326520318487167,0.002415180206298828,0.3562425786482017,0.2858865261077881,0.5472999811172485,0.08626985549926758,0.9088968033608562,0.05802798271179199,0.9396419047595577,0.053900957107543945
varying_sigma_random,1000,50,20,8,5,8004,outliers_random_direction_per_outlier,per_outlier,0.9699863350324273,0.35178589820861816,0.9568876323474547,0.8926081657409668,0.73036603609109,0.0030975341796875,0.41588957663135195,0.24738788604736328,0.6425999999046326,0.08343148231506348,0.9098487525348706,0.07934880256652832,0.9399222996160528,0.05045652389526367
varying_sigma_random,1000,50,20,8,6,8005,outliers_random_direction_per_outlier,per_outlier,0.972113572490326,0.312145471572876,0.9613033382445666,0.8523862361907959,0.7296749276134329,0.0024993419647216797,0.18959496532545522,0.2469639778137207,0.3490000367164612,0.08647942543029785,0.9091745591015946,0.03852343559265137,0.9394471295882587,0.04036378860473633
varying_sigma_random,1000,50,20,8,7,8006,outliers_random_direction_per_outlier,per_outlier,0.9729888265018526,0.3366222381591797,0.9628484487929114,0.8975145816802979,0.7329670227892435,0.0023539066314697266,0.3437957474071446,0.27190518379211426,0.5432999134063721,0.08872652053833008,0.9066527002150434,0.025771617889404297,0.9387491931859314,0.033492088317871094
varying_sigma_random,1000,50,20,8,8,8007,outliers_random_direction_per_outlier,per_outlier,0.9741498532600738,0.3087341785430908,0.9644370924050362,0.901505708694458,0.7307521346540875,0.002509593963623047,0.13744659583909985,0.23722076416015625,0.28439998626708984,0.08671832084655762,0.9102590245139726,0.018367767333984375,0.9414279935834337,0.01718878746032715
varying_sigma_random,1000,50,20,8,9,8008,outliers_random_direction_per_outlier,per_outlier,0.971141933516683,0.31110596656799316,0.9592641703035327,0.9745476245880127,0.7322988356722246,0.002312183380126953,0.3277523096502239,0.24568915367126465,0.5942000150680542,0.0879831314086914,0.9073391651750912,0.06126046180725098,0.939146218888761,0.05219411849975586
varying_sigma_random,1000,50,20,8,10,8009,outliers_random_direction_per_outlier,per_outlier,0.972483984986991,0.33771371841430664,0.9616895414418323,0.899437665939331,0.7284358227487115,0.002298593521118164,0.25000808414549275,0.2505218982696533,0.5044000148773193,0.08260083198547363,0.9092309241062075,0.04205632209777832,0.9398292009907888,0.019839048385620117
varying_sigma_random,1000,50,20,8,11,8010,outliers_random_direction_per_outlier,per_outlier,0.9705723860132678,0.2847874164581299,0.9579935679141994,0.8550131320953369,0.7329783325455119,0.0021283626556396484,0.4050257387362061,0.25556254386901855,0.5188000202178955,0.0791175365447998,0.9071179984770837,0.0618135929107666,0.9387010329653432,0.031517982482910156
varying_sigma_random,1000,50,20,8,12,8011,outliers_random_direction_per_outlier,per_outlier,0.9725919426440468,0.30118703842163086,0.9619018945377982,0.8295669555664062,0.7317198642020868,0.0034782886505126953,0.3327756205315906,0.25975704193115234,0.5376999974250793,0.0888974666595459,0.9083335482624634,0.04923105239868164,0.939405094811596,0.03895998001098633
varying_sigma_random,1000,50,20,8,13,8012,outliers_random_direction_per_outlier,per_outlier,0.9708293343443644,0.32370448112487793,0.9588888975366805,0.8146464824676514,0.7273649404974349,0.0024306774139404297,0.12432934418450015,0.24396300315856934,0.37220001220703125,0.08315467834472656,0.9088020739633598,0.03189516067504883,0.9405735124744342,0.023601055145263672
varying_sigma_random,1000,50,20,8,14,8013,outliers_random_direction_per_outlier,per_outlier,0.9700766377600045,0.27516770362854004,0.957533265955004,0.9185295104980469,0.7358494213069647,0.006593227386474609,0.29620333357654133,0.25710439682006836,0.4957999885082245,0.08668375015258789,0.9064457491763512,0.08852434158325195,0.9381272150252121,0.12256097793579102
varying_sigma_random,1000,50,20,8,15,8014,outliers_random_direction_per_outlier,per_outlier,0.9711945933909861,0.5307714939117432,0.9594283964790835,0.871837854385376,0.7315162583715944,0.0021674633026123047,0.22540566631704573,0.23132562637329102,0.4611999988555908,0.09210419654846191,0.908506413706506,0.06582880020141602,0.9405705923002434,0.04806375503540039
varying_sigma_random,1000,50,20,8,16,8015,outliers_random_direction_per_outlier,per_outlier,0.9711756606305705,0.4457533359527588,0.9597319432303985,0.8384711742401123,0.7304074588857963,0.002504110336303711,0.2971873523580601,0.21518182754516602,0.4992999732494354,0.08822345733642578,0.9084597343841488,0.059303998947143555,0.9405457312335302,0.031043052673339844
varying_sigma_random,1000,50,20,8,17,8016,outliers_random_direction_per_outlier,per_outlier,0.9709267183014678,0.3970804214477539,0.9588007764831622,0.8910200595855713,0.7303835126584496,0.0025506019592285156,0.3033391482047409,0.2563056945800781,0.5104999542236328,0.05634045600891113,0.9085318749588239,0.08310651779174805,0.9404524946424349,0.04315924644470215
varying_sigma_random,1000,50,20,8,18,8017,outliers_random_direction_per_outlier,per_outlier,0.9723814756640408,0.33006834983825684,0.961945101005593,0.8736295700073242,0.7314629623507717,0.0026869773864746094,0.43369072696527117,0.2653982639312744,0.686199963092804,0.08582592010498047,0.9091270011782799,0.06096506118774414,0.9391573474018996,0.04395747184753418
varying_sigma_random,1000,50,20,8,19,8018,outliers_random_direction_per_outlier,per_outlier,0.9704783942258892,0.3187849521636963,0.957996272986896,0.8746211528778076,0.7350517448689706,0.0035262107849121094,0.21255898140442833,0.2740495204925537,0.3391999900341034,0.08643746376037598,0.9076601387071505,0.036957502365112305,0.9400435040991041,0.02762579917907715
varying_sigma_random,1000,50,20,8,20,8019,outliers_random_direction_per_outlier,per_outlier,0.9746685723799953,0.32106447219848633,0.9654790369290422,0.9226713180541992,0.7331388810114545,0.0035452842712402344,0.20568286509361325,0.26253461837768555,0.37469998002052307,0.08663344383239746,0.9091190232048113,0.051375389099121094,0.9391391180155704,0.024426937103271484
varying_sigma_random,1000,50,20,16,1,16000,outliers_random_direction_per_outlier,per_outlier,0.9718877976172565,0.32343411445617676,0.9617384733513319,0.9089736938476562,0.36692651466405457,0.0031511783599853516,0.054978041885676815,0.24427533149719238,0.3499000370502472,0.08737778663635254,0.8191529554678054,0.05213165283203125,0.8817748809302695,0.018048524856567383
varying_sigma_random,1000,50,20,16,2,16001,outliers_random_direction_per_outlier,per_outlier,0.9726426727328531,0.322573184967041,0.9635114976283652,0.9179537296295166,0.3617803889811037,0.0029211044311523438,0.060430036417771484,0.22652888298034668,0.3742999732494354,0.08709907531738281,0.8167684883772828,0.04746651649475098,0.8782507367159461,0.04764437675476074
varying_sigma_random,1000,50,20,16,3,16002,outliers_random_direction_per_outlier,per_outlier,0.9724715216218223,0.36725330352783203,0.9628076638999427,0.8201436996459961,0.3623573813116536,0.0023450851440429688,0.28744379656003594,0.23826932907104492,0.6169000267982483,0.08708405494689941,0.8224462577663932,0.04617166519165039,0.8802279093453156,0.02058243751525879
varying_sigma_random,1000,50,20,16,4,16003,outliers_random_direction_per_outlier,per_outlier,0.9717416093448158,0.3269941806793213,0.961988654069152,0.9031524658203125,0.3684876280762295,0.0024824142456054688,0.038904030605234154,0.2642955780029297,0.24609999358654022,0.08498668670654297,0.8131850111553814,0.057331085205078125,0.8765023075779004,0.025493144989013672
varying_sigma_random,1000,50,20,16,5,16004,outliers_random_direction_per_outlier,per_outlier,0.9733020696046748,0.3023831844329834,0.964024170734675,0.9256138801574707,0.367109559592518,0.0022559165954589844,0.06761705047892247,0.24128270149230957,0.31310001015663147,0.05592799186706543,0.8176997826362624,0.0812673568725586,0.8779817870774579,0.09714579582214355
varying_sigma_random,1000,50,20,16,6,16005,outliers_random_direction_per_outlier,per_outlier,0.9705807611218433,0.457852840423584,0.9594090326852058,0.963303804397583,0.36460520177803385,0.003459930419921875,0.0856340012207822,0.23532485961914062,0.33980000019073486,0.08256030082702637,0.8169453883694415,0.042668819427490234,0.8810594577517685,0.018594026565551758
varying_sigma_random,1000,50,20,16,7,16006,outliers_random_direction_per_outlier,per_outlier,0.9712756664480111,0.3210287094116211,0.9611256211840248,0.8551669120788574,0.36177555082953655,0.0020248889923095703,0.18239079876289047,0.2512338161468506,0.4360000193119049,0.0748293399810791,0.8186910564008559,0.03433704376220703,0.8779560726223749,0.023155689239501953
varying_sigma_random,1000,50,20,16,8,16007,outliers_random_direction_per_outlier,per_outlier,0.970786598221468,0.2726616859436035,0.9597369624907789,0.9271368980407715,0.3644989349131289,0.003779888153076172,0.02457863448673299,0.24401617050170898,0.15480001270771027,0.08701252937316895,0.8208105604786776,0.028120994567871094,0.8811727291080693,0.021656274795532227
varying_sigma_random,1000,50,20,16,9,16008,outliers_random_direction_per_outlier,per_outlier,0.9718516552624769,0.32883429527282715,0.9621745880126553,0.834200382232666,0.3688862003011478,0.002352476119995117,0.14737693874245913,0.26695919036865234,0.32199999690055847,0.08775639533996582,0.8130989326788829,0.0870659351348877,0.877331547354602,0.10053539276123047
varying_sigma_random,1000,50,20,16,10,16009,outliers_random_direction_per_outlier,per_outlier,0.9732741679555307,0.39354872703552246,0.964351046966388,0.844968318939209,0.36126234200736973,0.002727985382080078,0.038846769333807124,0.24454903602600098,0.23059998452663422,0.08792948722839355,0.8178060343808157,0.0749063491821289,0.8811154225213815,0.04409909248352051
varying_sigma_random,1000,50,20,16,11,16010,outliers_random_direction_per_outlier,per_outlier,0.9717536594710944,0.3637886047363281,0.96153370043712,0.8671417236328125,0.36785231203694296,0.003189563751220703,0.06152300542075452,0.2641265392303467,0.2903999984264374,0.09138298034667969,0.816654944037401,0.06791973114013672,0.8794058220460459,0.04805302619934082
varying_sigma_random,1000,50,20,16,12,16011,outliers_random_direction_per_outlier,per_outlier,0.9708938136533327,0.3388979434967041,0.9602919317731408,0.9590880870819092,0.36196741506736824,0.003131389617919922,0.05840576759166934,0.2670011520385742,0.2615000009536743,0.08868670463562012,0.8196370521576968,0.04220247268676758,0.8808405399399118,0.04463505744934082
varying_sigma_random,1000,50,20,16,13,16012,outliers_random_direction_per_outlier,per_outlier,0.9716156216336577,0.2904939651489258,0.9614624846694603,0.8603429794311523,0.3645973475085528,0.0021767616271972656,0.03651836032909222,0.25902342796325684,0.21239998936653137,0.08564114570617676,0.8146177806092939,0.03719449043273926,0.8784144934584598,0.01988816261291504
varying_sigma_random,1000,50,20,16,14,16013,outliers_random_direction_per_outlier,per_outlier,0.9715993247756775,0.28571391105651855,0.9616360211967635,1.2398948669433594,0.3659398120167935,0.0024003982543945312,0.005890389230061407,0.26465749740600586,0.11640001088380814,0.08664274215698242,0.8137854518648011,0.1074221134185791,0.8774678929638131,0.11290407180786133
varying_sigma_random,1000,50,20,16,15,16014,outliers_random_direction_per_outlier,per_outlier,0.9713313513914716,0.5688791275024414,0.9611389418093297,0.9708311557769775,0.36298284519303686,0.0023040771484375,0.02291292475250183,0.24629950523376465,0.1898999959230423,0.0577540397644043,0.8159427048409704,0.09830069541931152,0.8796172034001939,0.09975743293762207
varying_sigma_random,1000,50,20,16,16,16015,outliers_random_direction_per_outlier,per_outlier,0.971178637555391,0.406604528427124,0.9608342902895498,0.9755082130432129,0.3721687632552674,0.0027697086334228516,0.12986770112944318,0.25924086570739746,0.4052000045776367,0.08699297904968262,0.8138081047273199,0.03794670104980469,0.879495111374066,0.03500032424926758
varying_sigma_random,1000,50,20,16,17,16016,outliers_random_direction_per_outlier,per_outlier,0.9727815831863929,0.26394081115722656,0.9637653986028246,0.8325657844543457,0.36126995394246975,0.0023658275604248047,0.1393806305461583,0.2659933567047119,0.39340001344680786,0.0868539810180664,0.8173425705827944,0.049309492111206055,0.8802327092255019,0.01923370361328125
varying_sigma_random,1000,50,20,16,18,16017,outliers_random_direction_per_outlier,per_outlier,0.9713722018611798,0.27321791648864746,0.9619577581291822,0.8146395683288574,0.36507877479427353,0.003101348876953125,0.07597240951035439,0.2578301429748535,0.3021000325679779,0.0863339900970459,0.8099640049654888,0.035697221755981445,0.8733798065091315,0.03416943550109863
varying_sigma_random,1000,50,20,16,19,16018,outliers_random_direction_per_outlier,per_outlier,0.9714565186428914,0.2856271266937256,0.9610820857299291,0.8621470928192139,0.3632666831039774,0.0021347999572753906,0.03397320116225355,0.2547891139984131,0.19599999487400055,0.08660054206848145,0.8176216121325782,0.04882168769836426,0.8798219598727113,0.02497100830078125
varying_sigma_random,1000,50,20,16,20,16019,outliers_random_direction_per_outlier,per_outlier,0.9714579669850211,0.2677788734436035,0.9614306631783591,0.8705272674560547,0.36427291430325026,0.002455472946166992,-0.0007520960257447699,0.26740193367004395,0.0674000009894371,0.08820509910583496,0.813654546958797,0.03164219856262207,0.8771760413402496,0.02100515365600586
varying_sigma_random,1000,50,20,32,1,32000,outliers_random_direction_per_outlier,per_outlier,0.9703587013867575,0.3072209358215332,0.9599598554862664,0.7931983470916748,0.12761641048875114,0.0024404525756835938,0.0007724748760083749,0.2566208839416504,0.03800000250339508,0.07230806350708008,0.7353227738611946,0.07301092147827148,0.8265100997275406,0.07153773307800293
varying_sigma_random,1000,50,20,32,2,32001,outliers_random_direction_per_outlier,per_outlier,0.9700058154346731,0.26505279541015625,0.9593325621829089,0.7413716316223145,0.13069115845477397,0.002400636672973633,0.013360499878685896,0.2505195140838623,0.28450000286102295,0.08751177787780762,0.7299352804577631,0.04599881172180176,0.8206865107469864,0.020821809768676758
varying_sigma_random,1000,50,20,32,3,32002,outliers_random_direction_per_outlier,per_outlier,0.9715442155582437,0.42925286293029785,0.9618340660807619,0.802462100982666,0.13262137570933877,0.002279043197631836,0.005919252873843287,0.2786407470703125,0.18610002100467682,0.08779764175415039,0.7346943784763088,0.03099226951599121,0.8230799125823964,0.020945310592651367
varying_sigma_random,1000,50,20,32,4,32003,outliers_random_direction_per_outlier,per_outlier,0.9692733495018064,0.3088510036468506,0.9577466236756732,0.7848517894744873,0.13156585278772306,0.0027437210083007812,0.0055098072238628235,0.2553136348724365,0.1979999989271164,0.08977127075195312,0.7314380142987236,0.06506752967834473,0.8200659136928837,0.0428617000579834
varying_sigma_random,1000,50,20,32,5,32004,outliers_random_direction_per_outlier,per_outlier,0.9719568185419889,0.3452296257019043,0.9629970508273874,0.8437275886535645,0.12892226289504655,0.002032756805419922,0.0008846554692082536,0.24745750427246094,0.25270000100135803,0.08815455436706543,0.7336084763762101,0.07854318618774414,0.8224768682788707,0.046158790588378906
varying_sigma_random,1000,50,20,32,6,32005,outliers_random_direction_per_outlier,per_outlier,0.9728411718331558,0.3255646228790283,0.965014296057172,0.8593583106994629,0.12938725961173078,0.0029320716857910156,0.014927532138965692,0.25475096702575684,0.2957000136375427,0.08111214637756348,0.7276033269625215,0.03430318832397461,0.8189140644915521,0.025296926498413086
varying_sigma_random,1000,50,20,32,7,32006,outliers_random_direction_per_outlier,per_outlier,0.971540167421931,0.28672289848327637,0.9622668853338658,0.7943887710571289,0.13102401351228588,0.0024683475494384766,0.006158649769289103,0.24791717529296875,0.20739999413490295,0.05838918685913086,0.7273645267164384,0.05206108093261719,0.8191776746370587,0.020960092544555664
varying_sigma_random,1000,50,20,32,8,32007,outliers_random_direction_per_outlier,per_outlier,0.9703397706323558,0.27553892135620117,0.9598381315689954,0.8276588916778564,0.12944222413839296,0.0025827884674072266,0.009044741410973672,0.27537035942077637,0.08789999783039093,0.09003114700317383,0.7342634325716721,0.06471514701843262,0.8247366931090809,0.04319477081298828
varying_sigma_random,1000,50,20,32,9,32008,outliers_random_direction_per_outlier,per_outlier,0.9710167421930949,0.3428304195404053,0.9615564773602493,0.8521671295166016,0.12952105640145056,0.0022754669189453125,0.01118421326961053,0.26109790802001953,0.18569999933242798,0.08882474899291992,0.7290741585728471,0.07625865936279297,0.8210495932476508,0.044943809509277344
varying_sigma_random,1000,50,20,32,10,32009,outliers_random_direction_per_outlier,per_outlier,0.9714092549463291,0.3221867084503174,0.9620988154020356,0.8603847026824951,0.12860353002289973,0.003378629684448242,0.003609125617698119,0.267850399017334,0.009999999776482582,0.08901453018188477,0.7298744586985734,0.09198784828186035,0.8202647761781487,0.04361557960510254
varying_sigma_random,1000,50,20,32,11,32010,outliers_random_direction_per_outlier,per_outlier,0.971233955398284,0.4126007556915283,0.9611858811050534,0.8402266502380371,0.13140820220064256,0.0022728443145751953,0.002116138205754222,0.20752334594726562,0.060600001364946365,0.08187198638916016,0.734274642935538,0.03203535079956055,0.8218197282249529,0.022663593292236328
varying_sigma_random,1000,50,20,32,12,32011,outliers_random_direction_per_outlier,per_outlier,0.9713801276226126,0.4495229721069336,0.9618521700495396,0.8088719844818115,0.130888263221851,0.0024220943450927734,1.2728045033996711e-05,0.27298450469970703,0.022099999710917473,0.08368134498596191,0.728217231245038,0.03578639030456543,0.8179273108899231,0.019130468368530273
varying_sigma_random,1000,50,20,32,13,32012,outliers_random_direction_per_outlier,per_outlier,0.969119977693124,0.3300161361694336,0.9576715223010902,0.8220949172973633,0.1302871436928442,0.002359151840209961,0.011505523938393998,0.19823813438415527,0.2450999915599823,0.08761382102966309,0.7309321061916911,0.04333043098449707,0.8217594042939632,0.021158933639526367
varying_sigma_random,1000,50,20,32,14,32013,outliers_random_direction_per_outlier,per_outlier,0.9710009608807204,0.31750059127807617,0.9610758981202978,0.7808711528778076,0.13084717712888974,0.0025184154510498047,-4.0542328931160676e-05,0.2696406841278076,0.048500001430511475,0.06258535385131836,0.7303680569251623,0.08690929412841797,0.8195050279261922,0.10000205039978027
varying_sigma_random,1000,50,20,32,15,32014,outliers_random_direction_per_outlier,per_outlier,0.9688469431355203,0.35185718536376953,0.9570897459107982,0.8194689750671387,0.1280430659461838,0.002379179000854492,0.02270680397870079,0.2633545398712158,0.30660003423690796,0.05745959281921387,0.7321333180498378,0.033616065979003906,0.8223060632727782,0.03136634826660156
varying_sigma_random,1000,50,20,32,16,32015,outliers_random_direction_per_outlier,per_outlier,0.9700349006320951,0.28536534309387207,0.9593842913411478,0.8279497623443604,0.12831628837715625,0.0025184154510498047,-1.5537022766893368e-06,0.2473602294921875,0.003399999812245369,0.08566999435424805,0.7320111356024612,0.036519765853881836,0.8219139871155176,0.021898984909057617
varying_sigma_random,1000,50,20,32,17,32016,outliers_random_direction_per_outlier,per_outlier,0.9711689043753172,0.2848978042602539,0.9611542893256974,0.8002064228057861,0.13133006262308167,0.0022034645080566406,0.036879768366052945,0.24453258514404297,0.3163999915122986,0.0911705493927002,0.7330812285717614,0.07646679878234863,0.8199588691366818,0.04286313056945801
varying_sigma_random,1000,50,20,32,18,32017,outliers_random_direction_per_outlier,per_outlier,0.9712715581312775,0.33812975883483887,0.9615321698142103,0.8871147632598877,0.1300549511760052,0.0024514198303222656,-6.312433861870719e-05,0.2571115493774414,0.02619999647140503,0.08905529975891113,0.7308710514686534,0.0927422046661377,0.8185390572671748,0.042455434799194336
varying_sigma_random,1000,50,20,32,19,32018,outliers_random_direction_per_outlier,per_outlier,0.9713520815404583,0.397446870803833,0.9612823067025352,0.7961390018463135,0.13319008346265443,0.0025267601013183594,0.002662756461555494,0.2733762264251709,0.05230000242590904,0.09017634391784668,0.7335269979408358,0.05823469161987305,0.8246323985434468,0.04399466514587402
varying_sigma_random,1000,50,20,32,20,32019,outliers_random_direction_per_outlier,per_outlier,0.9709014465367171,0.37398409843444824,0.9611428135009138,0.7718539237976074,0.12726308967647906,0.002474546432495117,-2.0008812138737566e-05,0.26761841773986816,0.07510000467300415,0.07806181907653809,0.7320135512071891,0.044168949127197266,0.8249796692726415,0.02684330940246582
varying_sigma_random,1000,50,20,64,1,64000,outliers_random_direction_per_outlier,per_outlier,0.9717636293608237,0.3336622714996338,0.9626589466152322,0.9566113948822021,0.05546058050694543,0.0023207664489746094,0.0057889370579519055,0.25655198097229004,0.35159996151924133,0.08770298957824707,0.6803557384972956,0.035385847091674805,0.7863788921032524,0.016874313354492188
varying_sigma_random,1000,50,20,64,2,64001,outliers_random_direction_per_outlier,per_outlier,0.9707353866892945,0.45165419578552246,0.9606680797013397,0.8558502197265625,0.05215190221191241,0.0023784637451171875,1.6351560202362092e-05,0.22398781776428223,0.16740000247955322,0.08979940414428711,0.6797282621965963,0.06519079208374023,0.7828242480322124,0.04235029220581055
varying_sigma_random,1000,50,20,64,3,64002,outliers_random_direction_per_outlier,per_outlier,0.9720495385164724,0.3306553363800049,0.963405941797863,0.8771076202392578,0.05439817438720708,0.003308534622192383,0.0022575121733778665,0.25653076171875,0.2094000279903412,0.04860353469848633,0.6788430144738498,0.051911354064941406,0.7831052633221806,0.02518177032470703
varying_sigma_random,1000,50,20,64,4,64003,outliers_random_direction_per_outlier,per_outlier,0.9694112409002189,0.2890019416809082,0.9588595941505249,0.8077294826507568,0.05398837351337346,0.002648591995239258,3.548561891588258e-07,0.2629513740539551,0.012899999506771564,0.07988309860229492,0.6740531205880536,0.05566835403442383,0.7818224198165863,0.02701711654663086
varying_sigma_random,1000,50,20,64,5,64004,outliers_random_direction_per_outlier,per_outlier,0.9712465290942245,0.3506920337677002,0.9616657964972166,0.9048283100128174,0.05558909180666313,0.002299070358276367,0.0026067657699816783,0.29109787940979004,0.14399999380111694,0.05540013313293457,0.6792874032670972,0.03433108329772949,0.7841243044634361,0.023386240005493164
varying_sigma_random,1000,50,20,64,6,64005,outliers_random_direction_per_outlier,per_outlier,0.9699349008326964,0.3072352409362793,0.9599464078684024,0.9070885181427002,0.0529064332307654,0.002646207809448242,-7.060781537276811e-05,0.2531750202178955,0.034800004214048386,0.08734512329101562,0.676798738013577,0.026084423065185547,0.7908717610807982,0.07392096519470215
varying_sigma_random,1000,50,20,64,7,64006,outliers_random_direction_per_outlier,per_outlier,0.9698990272837968,0.3194248676300049,0.9598881825808055,0.9122390747070312,0.05446235530639666,0.002008199691772461,0.00033672135183916425,0.2584831714630127,0.08570000529289246,0.09040141105651855,0.6775657578862667,0.04903888702392578,0.7852446402945136,0.015365123748779297
varying_sigma_random,1000,50,20,64,8,64007,outliers_random_direction_per_outlier,per_outlier,0.9714935516679004,0.4173858165740967,0.9625552841802875,0.9013745784759521,0.053128871513392135,0.0026361942291259766,2.3438123627418334e-07,0.3134589195251465,0.001899999799206853,0.08421826362609863,0.678148074455236,0.0783548355102539,0.7841412922232542,0.06381535530090332
varying_sigma_random,1000,50,20,64,9,64008,outliers_random_direction_per_outlier,per_outlier,0.9707453706211221,0.3372485637664795,0.9607528848478711,0.8767483234405518,0.05393603593169522,0.0020563602447509766,0.0005597974085427824,0.25673985481262207,0.06870000809431076,0.08228707313537598,0.6806729851927302,0.03905057907104492,0.7894992186419434,0.023722410202026367
varying_sigma_random,1000,50,20,64,10,64009,outliers_random_direction_per_outlier,per_outlier,0.9713597124178287,0.39677953720092773,0.9621900456847462,0.8818185329437256,0.05408712330526911,0.0024344921112060547,5.143595000833633e-06,0.25697755813598633,0.03189999982714653,0.08780932426452637,0.6793224868025858,0.02687811851501465,0.7872963196580834,0.018605947494506836
varying_sigma_random,1000,50,20,64,11,64010,outliers_random_direction_per_outlier,per_outlier,0.9728918918918918,0.3180224895477295,0.9644853184953807,0.8819279670715332,0.05547151163164775,0.012932062149047852,0.0002721337196723326,0.24438142776489258,0.12620000541210175,0.08770108222961426,0.6818580916876138,0.06333303451538086,0.7855879679757968,0.027063608169555664
varying_sigma_random,1000,50,20,64,12,64011,outliers_random_direction_per_outlier,per_outlier,0.9705426368252019,0.32602429389953613,0.9608069527408063,0.8787815570831299,0.053357726501860776,0.0024480819702148438,0.0019043287571617773,0.2734808921813965,0.1373000144958496,0.08586239814758301,0.679984387011801,0.04448294639587402,0.787394965350332,0.012417078018188477
varying_sigma_random,1000,50,20,64,13,64012,outliers_random_direction_per_outlier,per_outlier,0.9702212212212212,0.3926084041595459,0.9601616967548349,0.7924737930297852,0.05346562910763038,0.0024116039276123047,0.001696425808439383,0.26315999031066895,0.11420000344514847,0.0901329517364502,0.681364996093606,0.08065176010131836,0.7858980297971065,0.04289889335632324
varying_sigma_random,1000,50,20,64,14,64013,outliers_random_direction_per_outlier,per_outlier,0.9706954168597455,0.3782322406768799,0.9614445321356274,0.8099713325500488,0.051371425701736244,0.002432107925415039,0.0015792028671739653,0.24306154251098633,0.18690000474452972,0.08830738067626953,0.6737160903718692,0.03823280334472656,0.783629609916927,0.021588802337646484
varying_sigma_random,1000,50,20,64,15,64014,outliers_random_direction_per_outlier,per_outlier,0.9711777348490775,0.28189802169799805,0.9616794636699965,0.7917945384979248,0.05419366754890982,0.0021986961364746094,-3.7670437617180744e-05,0.25238776206970215,0.0982000082731247,0.08750557899475098,0.6835382645220349,0.057364702224731445,0.7909399138359132,0.04405808448791504
varying_sigma_random,1000,50,20,64,16,64015,outliers_random_direction_per_outlier,per_outlier,0.9707008030074162,0.40819406509399414,0.9614381614213816,0.83193039894104,0.052426417381554666,0.002535104751586914,0.00031741705580619903,0.2556595802307129,0.05350000411272049,0.08582639694213867,0.6747968650604959,0.052133798599243164,0.7846332185911123,0.010465145111083984
varying_sigma_random,1000,50,20,64,17,64016,outliers_random_direction_per_outlier,per_outlier,0.9693991987979964,0.3698251247406006,0.9592827444562448,0.8578765392303467,0.052417691398887085,0.002314329147338867,0.0012498036727963584,0.2615945339202881,0.029899999499320984,0.03612637519836426,0.6730512875831204,0.058298587799072266,0.7815345084079215,0.017404794692993164
varying_sigma_random,1000,50,20,64,18,64017,outliers_random_direction_per_outlier,per_outlier,0.96853676722815,0.2748451232910156,0.9575931348783452,0.8998687267303467,0.05123756630651028,0.002504110336303711,0.003419319036248307,0.28401684761047363,0.24120000004768372,0.08575773239135742,0.6768326746603855,0.0409550666809082,0.7842170908702316,0.01838517189025879
varying_sigma_random,1000,50,20,64,19,64018,outliers_random_direction_per_outlier,per_outlier,0.971141532313877,0.3227109909057617,0.9620570359526627,0.8275463581085205,0.053319512278908576,0.002594470977783203,0.0025598212498411754,0.26006031036376953,0.19109998643398285,0.08718109130859375,0.6767293239828159,0.02855706214904785,0.7871531724642825,0.029863834381103516
varying_sigma_random,1000,50,20,64,20,64019,outliers_random_direction_per_outlier,per_outlier,0.9722626714891244,0.3208181858062744,0.9641885672342976,0.8190622329711914,0.053618695152449734,0.002468585968017578,0.000829375353696403,0.2576427459716797,0.10859999805688858,0.08679652214050293,0.6745363287969036,0.04924488067626953,0.7833715763647926,0.019858837127685547
varying_sigma_random,1000,50,20,128,1,128000,outliers_random_direction_per_outlier,per_outlier,0.9699424735356599,0.3357880115509033,0.9596261716920205,0.8552439212799072,0.03307748498590345,0.002557992935180664,0.0014262307286134082,0.2575547695159912,0.2458999902009964,0.09063959121704102,0.6562323549297631,0.0587310791015625,0.7715066166996526,0.04550909996032715
varying_sigma_random,1000,50,20,128,2,128001,outliers_random_direction_per_outlier,per_outlier,0.9703626231441863,0.39539098739624023,0.9602954016019666,0.8798537254333496,0.03409304869627927,0.0024771690368652344,-5.594980043578357e-06,0.27400898933410645,0.030800001695752144,0.0869743824005127,0.6589866548784505,0.028707265853881836,0.775173492495884,0.025542259216308594
varying_sigma_random,1000,50,20,128,3,128002,outliers_random_direction_per_outlier,per_outlier,0.972421664149119,0.3526608943939209,0.9638560495116615,0.7841646671295166,0.03527309805593535,0.00262451171875,0.0009856382606798877,0.2626941204071045,0.34040001034736633,0.08867383003234863,0.6576000504969819,0.08183813095092773,0.768983885265764,0.042281150817871094
varying_sigma_random,1000,50,20,128,4,128003,outliers_random_direction_per_outlier,per_outlier,0.9685996136416978,0.31510210037231445,0.9575319204326627,0.9223852157592773,0.030612209429345172,0.0026078224182128906,-0.0004800974058338086,0.2886009216308594,0.04150000214576721,0.08961129188537598,0.655858351925724,0.05592775344848633,0.7678848928929104,0.04297780990600586
varying_sigma_random,1000,50,20,128,5,128004,outliers_random_direction_per_outlier,per_outlier,0.9709696590377953,0.3374619483947754,0.9618367294879235,0.8066859245300293,0.03339776730895215,0.002611875534057617,2.2680356849495808e-05,0.23395419120788574,0.07420000433921814,0.07862591743469238,0.6567387677713596,0.04563641548156738,0.7732760287184249,0.01309514045715332
varying_sigma_random,1000,50,20,128,6,128005,outliers_random_direction_per_outlier,per_outlier,0.971636263518027,0.3346517086029053,0.962387969330649,0.8043084144592285,0.03390193773935757,0.0023965835571289062,-1.3644309639904917e-06,0.26862072944641113,0.03540000319480896,0.07937836647033691,0.6591758849317739,0.06720924377441406,0.7764419364088698,0.04407477378845215
varying_sigma_random,1000,50,20,128,7,128006,outliers_random_direction_per_outlier,per_outlier,0.968621577489313,0.29152584075927734,0.9573573416150768,0.8638167381286621,0.032652998467472744,0.003234386444091797,0.003480432358654376,0.2851712703704834,0.3312000036239624,0.08894896507263184,0.6582249230264022,0.04031062126159668,0.7776418741729824,0.012215137481689453
varying_sigma_random,1000,50,20,128,8,128007,outliers_random_direction_per_outlier,per_outlier,0.9695407872802663,0.3281240463256836,0.9596415764310953,0.9378197193145752,0.03151457487804889,0.003587007522583008,2.0976528125261828e-08,0.24883770942687988,0.0017000000225380063,0.08605098724365234,0.6572378217961138,0.04262971878051758,0.7706093072525719,0.027791738510131836
varying_sigma_random,1000,50,20,128,9,128008,outliers_random_direction_per_outlier,per_outlier,0.9705966327048491,0.3487660884857178,0.9615176667392071,0.7601861953735352,0.033208872596059306,0.002365589141845703,0.0008530486176821067,0.2675445079803467,0.1948000192642212,0.08285808563232422,0.6580398661761219,0.08575749397277832,0.7745954231089882,0.09267377853393555
varying_sigma_random,1000,50,20,128,10,128009,outliers_random_direction_per_outlier,per_outlier,0.9721758792860997,0.313112735748291,0.9641833566601377,0.805619478225708,0.03494244070981518,0.0024559497833251953,7.603508947089159e-05,0.2770657539367676,0.1292000114917755,0.08989548683166504,0.6582846261518874,0.09829497337341309,0.7715035511616779,0.1491072177886963
varying_sigma_random,1000,50,20,128,11,128010,outliers_random_direction_per_outlier,per_outlier,0.9702658630574462,0.45436763763427734,0.9599772060066369,0.8049139976501465,0.03226101579198759,0.002408266067504883,0.0003855851173245411,0.11422491073608398,0.11090000718832016,0.043897151947021484,0.6579050698127401,0.04945778846740723,0.7750454638394378,0.017992496490478516
varying_sigma_random,1000,50,20,128,12,128011,outliers_random_direction_per_outlier,per_outlier,0.9704756660468083,0.3497493267059326,0.9604721348424039,0.8379809856414795,0.03142599635507906,0.0024302005767822266,0.00032159804681589977,0.2599625587463379,0.1738000065088272,0.08217024803161621,0.6602835378107754,0.07470011711120605,0.775031117504455,0.022796630859375
varying_sigma_random,1000,50,20,128,13,128012,outliers_random_direction_per_outlier,per_outlier,0.9713664024746189,0.29218196868896484,0.9620006334618065,0.8098766803741455,0.03443488749977196,0.0033545494079589844,0.0008236719882684697,0.2658212184906006,0.24490000307559967,0.08689618110656738,0.660502412821138,0.05537009239196777,0.7693372516008012,0.02493906021118164
varying_sigma_random,1000,50,20,128,14,128013,outliers_random_direction_per_outlier,per_outlier,0.9724914995155476,0.28793883323669434,0.9639536314504786,0.7651355266571045,0.034853784903370086,0.0024831295013427734,-0.00012027782395217943,0.2555820941925049,0.09229999780654907,0.08607935905456543,0.659500265156052,0.06477880477905273,0.7753114197375995,0.010670185089111328
varying_sigma_random,1000,50,20,128,15,128014,outliers_random_direction_per_outlier,per_outlier,0.9709019560642808,0.42680954933166504,0.9615681945988617,0.838634729385376,0.03331823899751332,0.0024967193603515625,6.681994347323434e-05,0.26189470291137695,0.0877000018954277,0.0891733169555664,0.656278528595221,0.06845545768737793,0.7697840556104292,0.04764604568481445
varying_sigma_random,1000,50,20,128,16,128015,outliers_random_direction_per_outlier,per_outlier,0.9697289293301318,0.2858242988586426,0.9595228161430174,0.8623752593994141,0.03271692681536132,0.0048961639404296875,-1.353725159892192e-05,0.27247142791748047,0.07330000400543213,0.0835886001586914,0.6567911611736881,0.03919863700866699,0.7690049466557686,0.02409839630126953
varying_sigma_random,1000,50,20,128,17,128016,outliers_random_direction_per_outlier,per_outlier,0.9699810351433598,0.2859165668487549,0.9600408061724113,0.8581967353820801,0.033366443838646426,0.002361297607421875,-1.0139741177929399e-05,0.2575838565826416,0.03720000013709068,0.08381223678588867,0.6560701187487858,0.07347249984741211,0.7717759815232916,0.04262590408325195
varying_sigma_random,1000,50,20,128,18,128017,outliers_random_direction_per_outlier,per_outlier,0.9711963586833327,0.37310075759887695,0.9620840056342475,0.9276635646820068,0.033506124067764,0.0024919509887695312,-6.607927946656151e-05,0.2902350425720215,0.05649999901652336,0.09162378311157227,0.6587682490692977,0.0724644660949707,0.774129993458937,0.049115657806396484
varying_sigma_random,1000,50,20,128,19,128018,outliers_random_direction_per_outlier,per_outlier,0.9706766245203119,0.43067026138305664,0.9607794020998524,0.8454632759094238,0.03342228546691541,0.0023622512817382812,-0.0033787155468406873,0.29441380500793457,0.08520001173019409,0.10216879844665527,0.6591250541332181,0.05679893493652344,0.7735140840559523,0.021169662475585938
varying_sigma_random,1000,50,20,128,20,128019,outliers_random_direction_per_outlier,per_outlier,0.9706459505597782,0.4393594264984131,0.9610029261145173,0.8474609851837158,0.03505189732416844,0.0028607845306396484,0.0020896463629703137,0.2655668258666992,0.24810002744197845,0.08767151832580566,0.6586246500831193,0.04746246337890625,0.7759591675956781,0.016060829162597656
