distance_function,time_tick,run,seed,n,d,tsi_score,tsi_time,qsi_score,qsi_time
euclidean,0.0,1,0,1000,50,0.5010366879905958,3.9737795293331146,0.5017421205383569,65.69948730058968
euclidean,0.1111111111111111,1,0,1000,50,0.5058557555551544,3.5924693942070007,0.5065765506251533,65.96703326888382
euclidean,0.2222222222222222,1,0,1000,50,0.524241092796203,3.5182879269123077,0.5246538379192212,66.30660929717124
euclidean,0.3333333333333333,1,0,1000,50,0.5616864078507365,3.5329376328736544,0.5607056351974312,66.35307440720499
euclidean,0.4444444444444444,1,0,1000,50,0.6200511533577666,3.519850004464388,0.6160707736156084,81.16590510495007
euclidean,0.5555555555555556,1,0,1000,50,0.6956287209052741,3.6461275815963745,0.6881289896075334,76.23366300947964
euclidean,0.6666666666666666,1,0,1000,50,0.7801229044675938,3.622904349118471,0.7710119158299772,72.23927234858274
euclidean,0.7777777777777777,1,0,1000,50,0.8635752947336114,3.5806343350559473,0.8560025768568108,71.80415891483426
euclidean,0.8888888888888888,1,0,1000,50,0.9380278655408916,3.584607742726803,0.9341069147007844,67.1065177693963
euclidean,1.0,1,0,1000,50,1.0,3.650987647473812,1.0,67.7651188839227
euclidean,0.0,2,1,1000,50,0.5040810610209407,3.6030259300023317,0.5067710484256475,72.2895420063287
euclidean,0.1111111111111111,2,1,1000,50,0.5089618014808396,3.6468478199094534,0.5118632571824452,69.56249192170799
euclidean,0.2222222222222222,2,1,1000,50,0.5274257363576,3.608849059790373,0.5301607163350952,71.04412335157394
euclidean,0.3333333333333333,2,1,1000,50,0.5647474227734749,3.4563923329114914,0.566031511301373,64.00762499496341
euclidean,0.4444444444444444,2,1,1000,50,0.6224019851514841,3.5016686003655195,0.6202393408779541,74.2454486452043
euclidean,0.5555555555555556,2,1,1000,50,0.6966170318615208,3.4130723401904106,0.6902447831155477,64.04776699654758
euclidean,0.6666666666666666,2,1,1000,50,0.779930270952315,3.4295622520148754,0.7711952984938515,64.70620738528669
euclidean,0.7777777777777777,2,1,1000,50,0.8629580081083087,3.421948492527008,0.855277738692697,64.63616493158042
euclidean,0.8888888888888888,2,1,1000,50,0.9376256958361167,3.391360804438591,0.9335092263174707,64.68531722947955
euclidean,1.0,2,1,1000,50,1.0,3.4001628998667,1.0,69.49112348631024
euclidean,0.0,3,2,1000,50,0.4971545854471706,3.3845943603664637,0.4952901665391439,69.56978091411293
euclidean,0.1111111111111111,3,2,1000,50,0.5024158386843758,3.510237270966172,0.5005224034775615,65.06152945198119
euclidean,0.2222222222222222,3,2,1000,50,0.5216981510568685,3.4614171013236046,0.5196791237099737,64.13234271854162
euclidean,0.3333333333333333,3,2,1000,50,0.5604528456312023,3.4163473397493362,0.5575552517802433,68.59254353120923
euclidean,0.4444444444444444,3,2,1000,50,0.6201548682951489,3.3681757524609566,0.6149537981790169,68.63362339325249
euclidean,0.5555555555555556,3,2,1000,50,0.6964703140013762,3.414016207680106,0.6884882068899935,63.727459171786904
euclidean,0.6666666666666666,3,2,1000,50,0.7810831853897986,3.406751248985529,0.771917017529486,65.12623892724514
euclidean,0.7777777777777777,3,2,1000,50,0.8642153135099027,3.4717513509094715,0.8567458438875174,65.19835386238992
euclidean,0.8888888888888888,3,2,1000,50,0.9383007536594711,3.5204355120658875,0.9344323486144459,65.03250885009766
euclidean,1.0,3,2,1000,50,1.0,3.5210041273385286,1.0,65.622499672696
euclidean,0.0,4,3,1000,50,0.5037610576508372,3.5769091472029686,0.5058480962032498,73.67366396263242
euclidean,0.1111111111111111,4,3,1000,50,0.5088298940222787,3.7696375511586666,0.5109329030942288,65.33747228980064
euclidean,0.2222222222222222,4,3,1000,50,0.5276146146146146,3.5013361778110266,0.5294559981496543,65.41586705856025
euclidean,0.3333333333333333,4,3,1000,50,0.5655279086701932,3.5250590723007917,0.5659807598063648,65.05004047974944
euclidean,0.4444444444444444,4,3,1000,50,0.6239838355389458,3.468144219368696,0.6213085699533017,68.13053040020168
euclidean,0.5555555555555556,4,3,1000,50,0.6988925298043535,3.4721025452017784,0.6924904015538483,65.8557366579771
euclidean,0.6666666666666666,4,3,1000,50,0.7822673796040529,3.4446544647216797,0.7739741947280715,65.26984688267112
euclidean,0.7777777777777777,4,3,1000,50,0.8647286344460693,3.4717969745397568,0.8576505885768905,65.4813873488456
euclidean,0.8888888888888888,4,3,1000,50,0.9384884784584183,3.4520925544202328,0.9347786457098279,65.0028487984091
euclidean,1.0,4,3,1000,50,1.0,3.4851226918399334,1.0,67.51528287306428
euclidean,0.0,5,4,1000,50,0.499439411355243,3.4829943645745516,0.4991865481117606,69.08057218231261
euclidean,0.1111111111111111,5,4,1000,50,0.5044448917855732,3.395989602431655,0.504062726211658,64.99811164475977
euclidean,0.2222222222222222,5,4,1000,50,0.5232100296689475,3.4168359115719795,0.5223163170768712,64.47974414564669
euclidean,0.3333333333333333,5,4,1000,50,0.5610421563848418,3.4309871420264244,0.5585328458771553,68.69355025328696
euclidean,0.4444444444444444,5,4,1000,50,0.6195696498101307,3.403734976425767,0.6138171660181858,65.64237307198346
euclidean,0.5555555555555556,5,4,1000,50,0.6950395786568131,3.595415636897087,0.6857191425389808,70.66451518982649
euclidean,0.6666666666666666,5,4,1000,50,0.7795386268031559,3.498603219166398,0.768783029303195,69.655946187675
euclidean,0.7777777777777777,5,4,1000,50,0.8631565152326676,3.4754912424832582,0.8543864251948102,63.96590636111796
euclidean,0.8888888888888888,5,4,1000,50,0.9378346021372074,3.4755570832639933,0.9333210516502596,71.08784696832299
euclidean,1.0,5,4,1000,50,1.0,3.417767545208335,1.0,65.79591861180961
euclidean,0.0,6,5,1000,50,0.5009141245453871,3.4238699600100517,0.5019289055307974,62.88251980021596
euclidean,0.1111111111111111,6,5,1000,50,0.5055397501710127,3.439575655385852,0.5068222233203993,67.23292012140155
euclidean,0.2222222222222222,6,5,1000,50,0.5240074844383462,3.5050892997533083,0.5253637904773515,64.40137556195259
euclidean,0.3333333333333333,6,5,1000,50,0.5620928383293112,3.482589637860656,0.5625509411941171,65.52779807522893
euclidean,0.4444444444444444,6,5,1000,50,0.621347925079388,3.523871909826994,0.6190941406348267,65.25310354866087
euclidean,0.5555555555555556,6,5,1000,50,0.6971788040545556,3.5011450182646513,0.6912945550861784,64.84023476950824
euclidean,0.6666666666666666,6,5,1000,50,0.7811361381421502,3.4929953683167696,0.7731406792388051,67.8615393936634
euclidean,0.7777777777777777,6,5,1000,50,0.8639155568394046,3.4469963628798723,0.8568096087436232,63.80711466819048
euclidean,0.8888888888888888,6,5,1000,50,0.9380321263146915,3.4452627543359995,0.9341645077700216,64.12913997285068
euclidean,1.0,6,5,1000,50,1.0,3.4252363592386246,1.0,64.47014535032213
euclidean,0.0,7,6,1000,50,0.4999496289877051,3.439580161124468,0.5000093095952216,67.4326389003545
euclidean,0.1111111111111111,7,6,1000,50,0.504880156709816,3.4349771700799465,0.505128968181211,65.07412805221975
euclidean,0.2222222222222222,7,6,1000,50,0.5233081819294244,3.5143147073686123,0.5233748223271664,64.93969010002911
euclidean,0.3333333333333333,7,6,1000,50,0.5605372065452225,3.5058135110884905,0.5591204826613818,64.74875343963504
euclidean,0.4444444444444444,7,6,1000,50,0.6182755541112255,3.54717025347054,0.6134789093087233,64.33779289573431
euclidean,0.5555555555555556,7,6,1000,50,0.693171630548384,3.509899079799652,0.6843714478031216,63.42028775066137
euclidean,0.6666666666666666,7,6,1000,50,0.7775571984810462,3.4312998689711094,0.7668720086208624,62.79323793947697
euclidean,0.7777777777777777,7,6,1000,50,0.861601162284529,3.3880934566259384,0.8526663427547563,62.55587789788842
euclidean,0.8888888888888888,7,6,1000,50,0.9370337231018594,3.417546594515443,0.9323806485786212,63.18010417930782
euclidean,1.0,7,6,1000,50,1.0,3.408864552155137,1.0,63.28470491245389
euclidean,0.0,8,7,1000,50,0.4967858539902628,3.4364685341715813,0.49447817646974634,64.13801456615329
euclidean,0.1111111111111111,8,7,1000,50,0.5023406994168518,3.4383497275412083,0.49990176786314294,65.20103320479393
euclidean,0.2222222222222222,8,7,1000,50,0.5216565322837868,3.528606180101633,0.5188737519255244,71.28997812606394
euclidean,0.3333333333333333,8,7,1000,50,0.5599580121203368,3.5230067651718855,0.5558185866664569,65.21368998289108
euclidean,0.4444444444444444,8,7,1000,50,0.6185509397172724,3.5219519156962633,0.6115057764683032,65.17935722507536
euclidean,0.5555555555555556,8,7,1000,50,0.6936821330348385,3.4746163450181484,0.6833215487514014,68.56715782918036
euclidean,0.6666666666666666,8,7,1000,50,0.7777747687567327,3.3910999950021505,0.7662049925053445,64.48622540943325
euclidean,0.7777777777777777,8,7,1000,50,0.8615464281917188,3.4390642028301954,0.8521560923419725,63.960584891960025
euclidean,0.8888888888888888,8,7,1000,50,0.9369079339860903,3.4314358811825514,0.9320733927093767,64.42948812618852
euclidean,1.0,8,7,1000,50,1.0,3.4386096596717834,1.0,68.20967752486467
euclidean,0.0,9,8,1000,50,0.5004405086449175,3.45420596934855,0.5012908452559831,63.642935413867235
euclidean,0.1111111111111111,9,8,1000,50,0.5053926110479217,3.4258773047477007,0.5061521267158137,63.15777198038995
euclidean,0.2222222222222222,9,8,1000,50,0.5240503128378879,3.380468985065818,0.5243758320926579,63.85955793224275
euclidean,0.3333333333333333,9,8,1000,50,0.5618576833346373,3.3819556906819344,0.5607043064233955,63.80047117546201
euclidean,0.4444444444444444,9,8,1000,50,0.6204814895055376,3.390880350023508,0.6162794734240132,68.26531308703125
euclidean,0.5555555555555556,9,8,1000,50,0.6959974403260977,3.4029328748583794,0.6883311824134613,64.00629129447043
euclidean,0.6666666666666666,9,8,1000,50,0.7803430083390003,3.3972281459718943,0.771100146652905,63.892501290887594
euclidean,0.7777777777777777,9,8,1000,50,0.8636786144862297,3.386699303984642,0.856037995821201,62.32741615921259
euclidean,0.8888888888888888,9,8,1000,50,0.9380680439958997,3.416948977857828,0.934132879081617,72.08018522150815
euclidean,1.0,9,8,1000,50,1.0,3.397108981385827,1.0,63.93124997243285
euclidean,0.0,10,9,1000,50,0.4979074144284565,3.4219374172389507,0.4960871819170241,63.15111087821424
euclidean,0.1111111111111111,10,9,1000,50,0.5023238127907467,3.393623700365424,0.5002411221379308,66.38852124288678
euclidean,0.2222222222222222,10,9,1000,50,0.520664825145787,3.4361595530062914,0.5182076629707779,67.92313187755644
euclidean,0.3333333333333333,10,9,1000,50,0.5588075349898998,3.405150903388858,0.5552896145130564,66.03999792039394
euclidean,0.4444444444444444,10,9,1000,50,0.6186681049787263,3.4080470576882362,0.6128954050985074,63.446681436151266
euclidean,0.5555555555555556,10,9,1000,50,0.695938611958652,3.4275720324367285,0.6876104629804527,62.50056706182659
euclidean,0.6666666666666666,10,9,1000,50,0.781523222621419,3.409434365108609,0.7724760011738864,62.25428931042552
euclidean,0.7777777777777777,10,9,1000,50,0.8651166978601849,3.4387547690421343,0.8580469568770182,65.58607225120068
euclidean,0.8888888888888888,10,9,1000,50,0.9389469369168768,3.4037319645285606,0.935424480385576,61.75107996724546
euclidean,1.0,10,9,1000,50,1.0,3.3765772692859173,1.0,63.18212424591184
euclidean,0.0,11,10,1000,50,0.5008397495692085,3.4416432045400143,0.5016852805312131,62.87431495822966
euclidean,0.1111111111111111,11,10,1000,50,0.5054081255604301,3.514813732355833,0.506147343291859,62.84998023323715
euclidean,0.2222222222222222,11,10,1000,50,0.5235921833657304,3.435242233797908,0.5238615705451644,65.49127096496522
euclidean,0.3333333333333333,11,10,1000,50,0.5610044854473712,3.435322491452098,0.5597464463214982,70.23310691304505
euclidean,0.4444444444444444,11,10,1000,50,0.6195608333784687,3.397642532363534,0.615174166952926,69.36073674447834
euclidean,0.5555555555555556,11,10,1000,50,0.6953307616233468,3.4791267551481724,0.6873498243179389,63.35425235144794
euclidean,0.6666666666666666,11,10,1000,50,0.7799276992423285,3.4249896835535765,0.7703009140601114,63.9393988661468
euclidean,0.7777777777777777,11,10,1000,50,0.8634426911881822,3.474258042871952,0.8554535987194524,62.95220294781029
euclidean,0.8888888888888888,11,10,1000,50,0.937984118386924,3.4382917918264866,0.9338386951482751,64.04025059193373
euclidean,1.0,11,10,1000,50,1.0,3.455361593514681,1.0,63.8988202791661
euclidean,0.0,12,11,1000,50,0.49922374478687104,3.3769952785223722,0.49899512881242836,66.6844194997102
euclidean,0.1111111111111111,12,11,1000,50,0.5053668698758879,3.4194418229162693,0.5055437519476772,63.927797339856625
euclidean,0.2222222222222222,12,11,1000,50,0.5254404605005807,3.3711729738861322,0.5259175806178257,64.30285564623773
euclidean,0.3333333333333333,12,11,1000,50,0.56461938090395,3.4120287001132965,0.5644590232288718,62.29669056087732
euclidean,0.4444444444444444,12,11,1000,50,0.6240133419993139,3.404323600232601,0.6214381639163238,63.51026252284646
euclidean,0.5555555555555556,12,11,1000,50,0.6993118328749591,3.453784551471472,0.6933687826555366,64.07542061246932
euclidean,0.6666666666666666,12,11,1000,50,0.7825347832802743,3.6563557479530573,0.7746642341462874,67.24433850683272
euclidean,0.7777777777777777,12,11,1000,50,0.8646161893356282,3.437459174543619,0.8577153715384358,64.46111141890287
euclidean,0.8888888888888888,12,11,1000,50,0.9382311630267542,3.411112044006586,0.9345041132211058,66.83500112779438
euclidean,1.0,12,11,1000,50,1.0,3.4232674203813076,1.0,62.34766892902553
euclidean,0.0,13,12,1000,50,0.49860294563100177,3.438235655426979,0.49708308434262644,65.56110616028309
euclidean,0.1111111111111111,13,12,1000,50,0.5027540907641108,3.482217228040099,0.5009318962441978,63.58948037400842
euclidean,0.2222222222222222,13,12,1000,50,0.5205245064703983,3.417151426896453,0.5181258330911378,63.74006047844887
euclidean,0.3333333333333333,13,12,1000,50,0.5575542376043378,3.4666667710989714,0.5535674750736207,64.38750297762454
euclidean,0.4444444444444444,13,12,1000,50,0.6157454348135711,3.438187576830387,0.6086441434348965,63.39829116128385
euclidean,0.5555555555555556,13,12,1000,50,0.6914396019265758,3.407938638702035,0.6809585579533338,62.71075406856835
euclidean,0.6666666666666666,13,12,1000,50,0.7766375232948379,3.378402229398489,0.7650680870195687,69.26436757482588
euclidean,0.7777777777777777,13,12,1000,50,0.8613440173640574,3.3857312500476837,0.8521891019969945,63.10926446132362
euclidean,0.8888888888888888,13,12,1000,50,0.9370913819631255,3.480418860912323,0.932508196021019,62.86334524303675
euclidean,1.0,13,12,1000,50,1.0,3.398604977875948,1.0,63.268066031858325
euclidean,0.0,14,13,1000,50,0.498910381323207,3.458589816465974,0.4984668790091873,63.23861796781421
euclidean,0.1111111111111111,14,13,1000,50,0.5040563930664131,3.4223536159843206,0.5036442447476591,67.6549526322633
euclidean,0.2222222222222222,14,13,1000,50,0.5230575665846207,3.4934319145977497,0.522519615448036,64.70429563522339
euclidean,0.3333333333333333,14,13,1000,50,0.5615810339397513,3.5017283633351326,0.5600805730565188,70.94187505543232
euclidean,0.4444444444444444,14,13,1000,50,0.6212094358887946,3.525510309264064,0.6172466061959874,63.813189409673214
euclidean,0.5555555555555556,14,13,1000,50,0.6974732929322107,3.3778167255222797,0.6904168579608285,66.55479964055121
euclidean,0.6666666666666666,14,13,1000,50,0.7817991277850997,3.3829845655709505,0.7732160825657829,67.22788330540061
euclidean,0.7777777777777777,14,13,1000,50,0.8645943077345883,3.431209346279502,0.8573501126246094,63.254738012328744
euclidean,0.8888888888888888,14,13,1000,50,0.9384183662620537,3.3849266599863768,0.9345906736238774,68.1351525541395
euclidean,1.0,14,13,1000,50,1.0,3.402562415227294,1.0,63.54558699764311
euclidean,0.0,15,14,1000,50,0.49872808881025316,3.3893785905092955,0.4972492432533397,64.18195600062609
euclidean,0.1111111111111111,15,14,1000,50,0.5029783651386858,3.3696840163320303,0.5015327873285071,62.57760174758732
euclidean,0.2222222222222222,15,14,1000,50,0.5208866963155541,3.5687990821897984,0.5193223686377054,62.57153063081205
euclidean,0.3333333333333333,15,14,1000,50,0.5580282567136274,3.3973410706967115,0.555355886335398,62.86983801610768
euclidean,0.4444444444444444,15,14,1000,50,0.6160886477660025,3.3915455024689436,0.610526347116036,62.52169406414032
euclidean,0.5555555555555556,15,14,1000,50,0.69131562624749,3.433110622689128,0.6821581793490705,63.820820746943355
euclidean,0.6666666666666666,15,14,1000,50,0.7760394261997469,3.460229702293873,0.7651596761715493,63.96423933468759
euclidean,0.7777777777777777,15,14,1000,50,0.8605840529908666,3.4728652611374855,0.85150774586302,64.66456932388246
euclidean,0.8888888888888888,15,14,1000,50,0.9365897199805016,3.488974118605256,0.9318484642997821,63.85317846387625
euclidean,1.0,15,14,1000,50,1.0,3.5078240893781185,1.0,65.9217552319169
euclidean,0.0,16,15,1000,50,0.49842171028744175,3.4429770205169916,0.4981513605995388,71.19307805597782
euclidean,0.1111111111111111,16,15,1000,50,0.5044362980214684,3.4434232860803604,0.504914321903365,68.57747332192957
euclidean,0.2222222222222222,16,15,1000,50,0.5244005147432002,3.431051630526781,0.5254383926783811,68.46813240088522
euclidean,0.3333333333333333,16,15,1000,50,0.5634110944611946,3.4378105085343122,0.563843255198443,64.86885534226894
euclidean,0.4444444444444444,16,15,1000,50,0.6225152727878179,3.431025631725788,0.6202585818562888,64.15233415737748
euclidean,0.5555555555555556,16,15,1000,50,0.697534031025013,3.430028351023793,0.6914871225257292,63.75116900168359
euclidean,0.6666666666666666,16,15,1000,50,0.7808436051281743,3.4031723998486996,0.7724606896007833,62.84136060997844
euclidean,0.7777777777777777,16,15,1000,50,0.8633955859667283,3.3987138234078884,0.8558787454698915,64.1732602994889
euclidean,0.8888888888888888,16,15,1000,50,0.937654608516332,3.386810578405857,0.9335490954459201,63.247869746759534
euclidean,1.0,16,15,1000,50,1.0,3.4061018526554108,1.0,63.27280331403017
euclidean,0.0,17,16,1000,50,0.501490526598743,3.4448945075273514,0.5027799927935204,63.5670338626951
euclidean,0.1111111111111111,17,16,1000,50,0.5066856776616295,3.4328646268695593,0.5081028751036126,65.06110937148333
euclidean,0.2222222222222222,17,16,1000,50,0.5255877360326258,3.4938316475600004,0.5268189720968015,69.65457860380411
euclidean,0.3333333333333333,17,16,1000,50,0.5635487651980639,3.4837198983877897,0.5634650299893966,64.66261195018888
euclidean,0.4444444444444444,17,16,1000,50,0.6219526339967222,3.533705862239003,0.6187862443461062,67.37908893637359
euclidean,0.5555555555555556,17,16,1000,50,0.6968511537589694,3.388824548572302,0.6898917621267274,68.86327334307134
euclidean,0.6666666666666666,17,16,1000,50,0.7804458366181813,3.410694671794772,0.7714854928536132,62.68669539690018
euclidean,0.7777777777777777,17,16,1000,50,0.8633589581565534,3.41279985755682,0.8556580420598445,66.53284231573343
euclidean,0.8888888888888888,17,16,1000,50,0.937780054603702,3.423683611676097,0.9336817006110497,63.53040425106883
euclidean,1.0,17,16,1000,50,1.0,3.4587886184453964,1.0,62.61758239381015
euclidean,0.0,18,17,1000,50,0.49835236037640845,3.3641430493444204,0.4973613645806416,69.87355276755989
euclidean,0.1111111111111111,18,17,1000,50,0.5032323184908355,3.3815399929881096,0.5020727980479459,62.32395573891699
euclidean,0.2222222222222222,18,17,1000,50,0.5218576472263847,3.3702228888869286,0.5203303596941906,62.51005678623915
euclidean,0.3333333333333333,18,17,1000,50,0.559804684443963,3.376859689131379,0.5570626077159867,62.787028623744845
euclidean,0.4444444444444444,18,17,1000,50,0.6187207648530294,3.369902454316616,0.6131996224741956,62.092405296862125
euclidean,0.5555555555555556,18,17,1000,50,0.6944167273485911,3.3918667044490576,0.6855499119600279,62.90231858380139
euclidean,0.6666666666666666,18,17,1000,50,0.7787861629164234,3.3751570973545313,0.7684636180915319,62.768722239881754
euclidean,0.7777777777777777,18,17,1000,50,0.8624132709864173,3.396045532077551,0.8538847537615866,62.758406998589635
euclidean,0.8888888888888888,18,17,1000,50,0.9373879550893579,3.420823197811842,0.9329599981627567,64.30158132873476
euclidean,1.0,18,17,1000,50,1.0,3.434213748201728,1.0,69.56057048030198
euclidean,0.0,19,18,1000,50,0.5009251696586365,3.4177004378288984,0.501317764298289,72.039405381307
euclidean,0.1111111111111111,19,18,1000,50,0.5045537361008303,3.4168465323746204,0.504602932083868,72.67723496817052
euclidean,0.2222222222222222,19,18,1000,50,0.5217254147935511,3.4390624444931746,0.5210756029364398,64.84555880911648
euclidean,0.3333333333333333,19,18,1000,50,0.5583394637122092,3.4358915518969297,0.5559239588289704,68.208346279338
euclidean,0.4444444444444444,19,18,1000,50,0.6164905105506308,3.4251865781843662,0.6107443840042678,64.30251909606159
euclidean,0.5555555555555556,19,18,1000,50,0.6924397182753896,3.4070923887193203,0.6829660327640199,68.99784933775663
euclidean,0.6666666666666666,19,18,1000,50,0.7777851217951418,3.4193811789155006,0.7667970386894936,63.69230959005654
euclidean,0.7777777777777777,19,18,1000,50,0.8622485672044791,3.554690860211849,0.8533214749373285,65.04579124599695
euclidean,0.8888888888888888,19,18,1000,50,0.9375194733811968,3.4820901583880186,0.9329698509793343,66.47424191981554
euclidean,1.0,19,18,1000,50,1.0,3.4556382037699223,1.0,65.53426324017346
euclidean,0.0,20,19,1000,50,0.5009492578751096,3.4998482577502728,0.5018549070092077,69.24969297461212
euclidean,0.1111111111111111,20,19,1000,50,0.5060226579284696,3.483994521200657,0.5072605890232237,69.49410249479115
euclidean,0.2222222222222222,20,19,1000,50,0.5246989935827611,3.5657204929739237,0.5259624513971924,65.70281826332211
euclidean,0.3333333333333333,20,19,1000,50,0.5624273010485435,3.489217521622777,0.5625318056955011,74.23183749616146
euclidean,0.4444444444444444,20,19,1000,50,0.6207872481700137,3.552628440782428,0.6179557266184523,69.87095496989787
euclidean,0.5555555555555556,20,19,1000,50,0.6959026260729667,3.5207267235964537,0.6893437899098327,69.76996270567179
euclidean,0.6666666666666666,20,19,1000,50,0.7797968028148389,3.5137580540031195,0.7711054945615621,64.88496213778853
euclidean,0.7777777777777777,20,19,1000,50,0.8629514484424304,3.456108370795846,0.8553182993225524,70.4699693582952
euclidean,0.8888888888888888,20,19,1000,50,0.9375841272133857,3.3867713566869497,0.9334673036262212,64.74766885116696
euclidean,1.0,20,19,1000,50,1.0,3.4109217636287212,1.0,65.16705144383013
cosine,0.0,1,0,1000,50,0.4993793974335056,5.281210198998451,0.4988754626832628,120.52953855507076
cosine,0.1111111111111111,1,0,1000,50,0.5084970160541303,5.315585603937507,0.5107419163856852,120.24300224892795
cosine,0.2222222222222222,1,0,1000,50,0.5301795964300974,5.286016838625073,0.5342308711004055,127.46161915175617
cosine,0.3333333333333333,1,0,1000,50,0.5697065682917386,5.244267158210278,0.5736270717182832,120.97732010111213
cosine,0.4444444444444444,1,0,1000,50,0.6290130270551112,5.378306150436401,0.6304959507520297,121.39014432765543
cosine,0.5555555555555556,1,0,1000,50,0.7046590799216049,5.415137888863683,0.7026621560445235,122.08316335454583
cosine,0.6666666666666666,1,0,1000,50,0.7882285812866975,5.398082813248038,0.7842070585146868,131.72174616716802
cosine,0.7777777777777777,1,0,1000,50,0.8696360268083715,5.455579282715917,0.8660187648749486,122.66062568686903
cosine,0.8888888888888888,1,0,1000,50,0.9411897909933982,5.301944307982922,0.939374893771044,130.0310812611133
cosine,1.0,1,0,1000,50,1.0,5.296648548915982,1.0,125.73164463043213
cosine,0.0,2,1,1000,50,0.4976583136242455,5.302418980747461,0.49601969736765306,121.94998228549957
cosine,0.1111111111111111,2,1,1000,50,0.5074202238310455,5.341969693079591,0.5089901121958817,130.511998699978
cosine,0.2222222222222222,2,1,1000,50,0.5298683252390667,5.383121581748128,0.5338281348626612,129.86322448775172
cosine,0.3333333333333333,2,1,1000,50,0.5701558351939113,5.329832194373012,0.5745647314560788,122.74263236299157
cosine,0.4444444444444444,2,1,1000,50,0.6299195066810297,5.253457261249423,0.6320561289647064,125.05970085971057
cosine,0.5555555555555556,2,1,1000,50,0.7053315921131552,5.242887290194631,0.7038522780282247,153.53475939668715
cosine,0.6666666666666666,2,1,1000,50,0.7885262135883379,5.318446626886725,0.7847730017923724,122.58257008716464
cosine,0.7777777777777777,2,1,1000,50,0.8697922371269065,5.320858279243112,0.8663245009863543,122.69719879329205
cosine,0.8888888888888888,2,1,1000,50,0.9413466953927876,5.3937990460544825,0.9396330129362733,128.79284032806754
cosine,1.0,2,1,1000,50,1.0,5.324825379997492,1.0,120.45788753218949
cosine,0.0,3,2,1000,50,0.49826538562610706,5.36027055606246,0.49728394702242096,137.35417986288667
cosine,0.1111111111111111,3,2,1000,50,0.5080631352795681,5.206366829574108,0.5098464492033575,127.49701722897589
cosine,0.2222222222222222,3,2,1000,50,0.5306098523373073,5.224533062428236,0.5342361770698886,136.89879457466304
cosine,0.3333333333333333,3,2,1000,50,0.5709199981544671,5.4109703451395035,0.5745587223635878,121.63598244637251
cosine,0.4444444444444444,3,2,1000,50,0.6306807589152279,5.280323708429933,0.6320160394845693,136.10985698364675
cosine,0.5555555555555556,3,2,1000,50,0.7060883909962067,5.270243089646101,0.704095438880025,128.85959788411856
cosine,0.6666666666666666,3,2,1000,50,0.7890378655208314,5.212517216801643,0.7849825772047748,122.56930596195161
cosine,0.7777777777777777,3,2,1000,50,0.8698380685294513,5.3935959078371525,0.866120697220377,131.17865402251482
cosine,0.8888888888888888,3,2,1000,50,0.9411346496797398,5.459796270355582,0.9392218673750402,128.28916966170073
cosine,1.0,3,2,1000,50,1.0,5.264931632205844,1.0,120.54338228143752
cosine,0.0,4,3,1000,50,0.5033809781725613,5.279217939823866,0.5051045668333926,120.97644460387528
cosine,0.1111111111111111,4,3,1000,50,0.5129842126695834,5.260131208226085,0.5175619942811215,120.09868763573468
cosine,0.2222222222222222,4,3,1000,50,0.5349628586502334,5.35681632719934,0.5413271055631805,120.21372433193028
cosine,0.3333333333333333,4,3,1000,50,0.5745189698716753,5.3757312055677176,0.5805927422247403,121.11579058133066
cosine,0.4444444444444444,4,3,1000,50,0.6335262777807869,5.286588784307241,0.6368273593159071,137.1889596004039
cosine,0.5555555555555556,4,3,1000,50,0.7083391527800346,5.2879151832312346,0.7078558213451711,121.93539200164378
cosine,0.6666666666666666,4,3,1000,50,0.790884965125446,5.315220326185226,0.7880508489587188,125.15992088243365
cosine,0.7777777777777777,4,3,1000,50,0.8713220715705685,5.322556616738439,0.8685867753772549,121.37365775927901
cosine,0.8888888888888888,4,3,1000,50,0.942022481399235,5.325348015874624,0.9406811823652725,138.98630637302995
cosine,1.0,4,3,1000,50,1.0,5.454127779230475,1.0,131.10722370445728
cosine,0.0,5,4,1000,50,0.4969899458576813,5.372457204386592,0.49532791958637024,131.50466939993203
cosine,0.1111111111111111,5,4,1000,50,0.5061455242817968,5.252143828198314,0.5069466523264632,121.24140404164791
cosine,0.2222222222222222,5,4,1000,50,0.5278636973646994,5.2760448437184095,0.530093396459959,129.1137432716787
cosine,0.3333333333333333,5,4,1000,50,0.5674752106816235,5.30740281008184,0.5692144787122948,129.46352444030344
cosine,0.4444444444444444,5,4,1000,50,0.6271672353716442,5.215248124673963,0.6262087959642828,121.32726804539561
cosine,0.5555555555555556,5,4,1000,50,0.7034858987243757,5.278608987107873,0.6992779162521013,121.71230023913085
cosine,0.6666666666666666,5,4,1000,50,0.7879800802806814,5.251226369291544,0.7823832532379414,135.31929954513907
cosine,0.7777777777777777,5,4,1000,50,0.8700009568686924,5.303371328860521,0.8656356841461654,120.3121508769691
cosine,0.8888888888888888,5,4,1000,50,0.9416093107135192,5.216279700398445,0.9396366821109827,128.5293185710907
cosine,1.0,5,4,1000,50,1.0,5.172103617340326,1.0,120.37872423231602
cosine,0.0,6,5,1000,50,0.4956799364494755,5.292533164843917,0.49326820875786004,120.85477529093623
cosine,0.1111111111111111,6,5,1000,50,0.5050607862371389,5.314465917646885,0.5059004545617731,121.14320578984916
cosine,0.2222222222222222,6,5,1000,50,0.527468967965962,5.247197143733501,0.5308922963401348,128.38672222942114
cosine,0.3333333333333333,6,5,1000,50,0.5683439712257348,5.232029700651765,0.5725662537531249,120.2298803459853
cosine,0.4444444444444444,6,5,1000,50,0.6292457848630193,5.199277943000197,0.6316436832246948,122.14955163188279
cosine,0.5555555555555556,6,5,1000,50,0.7057054750140922,5.3393959533423185,0.7047951851767948,129.9339817855507
cosine,0.6666666666666666,6,5,1000,50,0.7892139454083342,5.4147767554968596,0.786020804868482,126.72079994156957
cosine,0.7777777777777777,6,5,1000,50,0.8702010226659526,5.423189170658588,0.8670362678906144,130.85386126674712
cosine,0.8888888888888888,6,5,1000,50,0.9414197443936922,5.349004335701466,0.9397729557345319,131.28237762860954
cosine,1.0,6,5,1000,50,1.0,5.35902831889689,1.0,122.94737531803548
cosine,0.0,7,6,1000,50,0.4970913137586484,5.3544497936964035,0.49535775969093554,123.04749631136656
cosine,0.1111111111111111,7,6,1000,50,0.5067970435365224,5.412734244018793,0.508158678961251,137.33436737395823
cosine,0.2222222222222222,7,6,1000,50,0.5289844814754634,5.249104475602508,0.5324491019060097,126.82017130963504
cosine,0.3333333333333333,7,6,1000,50,0.5686375072467257,5.4581021927297115,0.5720776425295755,128.56761269271374
cosine,0.4444444444444444,7,6,1000,50,0.6276631220398755,5.4628431517630816,0.6284280732130414,128.95610409416258
cosine,0.5555555555555556,7,6,1000,50,0.7029168667665662,5.301608111709356,0.699947749479318,122.4664865322411
cosine,0.6666666666666666,7,6,1000,50,0.7866444239831013,5.281081836670637,0.7816127533575347,129.6553100850433
cosine,0.7777777777777777,7,6,1000,50,0.8686609475206669,5.348670298233628,0.8643788151904483,131.824621476233
cosine,0.8888888888888888,7,6,1000,50,0.9408521046096197,5.398119894787669,0.938795376124381,124.05991503037512
cosine,1.0,7,6,1000,50,1.0,5.3742476385086775,1.0,131.04353987053037
cosine,0.0,8,7,1000,50,0.5005050360982225,5.470008689910173,0.5008025686685714,123.21165341697633
cosine,0.1111111111111111,8,7,1000,50,0.5106225845083561,5.396651199087501,0.5136883576963737,122.7378074042499
cosine,0.2222222222222222,8,7,1000,50,0.5333743242240236,5.27659005112946,0.5381865803870576,135.9436633568257
cosine,0.3333333333333333,8,7,1000,50,0.5736094571525433,5.243832670152187,0.5781491381854877,135.80216601490974
cosine,0.4444444444444444,8,7,1000,50,0.6327975289919178,5.228703750297427,0.634630945202604,119.55420692823827
cosine,0.5555555555555556,8,7,1000,50,0.7073184487092302,5.2620413564145565,0.7054490739525965,127.28043138422072
cosine,0.6666666666666666,8,7,1000,50,0.7895217241289385,5.297470584511757,0.7854661534015186,128.0258317515254
cosine,0.7777777777777777,8,7,1000,50,0.8700459136491201,5.2424058225005865,0.8663277444836792,132.35186663083732
cosine,0.8888888888888888,8,7,1000,50,0.9412509262769784,5.32765918597579,0.9393691309615433,130.64070061035454
cosine,1.0,8,7,1000,50,1.0,5.302394241094589,1.0,130.6045653708279
cosine,0.0,9,8,1000,50,0.5050126980688103,5.292925467714667,0.5086778709813746,122.47486392967403
cosine,0.1111111111111111,9,8,1000,50,0.5152359634183281,5.280357163399458,0.5219999237875631,122.43084505200386
cosine,0.2222222222222222,9,8,1000,50,0.537866409495668,5.29096863232553,0.546573915773008,130.86931391619146
cosine,0.3333333333333333,9,8,1000,50,0.5778733322500857,5.591393545269966,0.5863297880264693,123.36599583365023
cosine,0.4444444444444444,9,8,1000,50,0.6370322466755333,5.434103490784764,0.6426337282140764,122.8792576175183
cosine,0.5555555555555556,9,8,1000,50,0.7116762433776462,5.324841920286417,0.7132823390402058,132.12902291491628
cosine,0.6666666666666666,9,8,1000,50,0.793610700881242,5.270450338721275,0.7924484653335735,120.11809570156038
cosine,0.7777777777777777,9,8,1000,50,0.8730654341716466,5.299435181543231,0.8713769186420085,120.95528504997492
cosine,0.8888888888888888,9,8,1000,50,0.942765577200447,5.231434205546975,0.9418548732631019,120.2681261524558
cosine,1.0,9,8,1000,50,1.0,5.240417689085007,1.0,128.4022880923003
cosine,0.0,10,9,1000,50,0.4964308296272224,5.291310945525765,0.49396047895220757,125.74947086721659
cosine,0.1111111111111111,10,9,1000,50,0.5050359116631662,5.167824665084481,0.5049422139731383,122.5523989237845
cosine,0.2222222222222222,10,9,1000,50,0.5263420273981396,5.32856360822916,0.5277289420161081,122.31843796372414
cosine,0.3333333333333333,10,9,1000,50,0.5660047081149285,5.321312168613076,0.5672065471662177,121.89755928330123
cosine,0.4444444444444444,10,9,1000,50,0.6262407156655654,5.320716302841902,0.625404217418545,123.68966605328023
cosine,0.5555555555555556,10,9,1000,50,0.7032962200677632,5.613780673593283,0.6997695603193701,125.57342307269573
cosine,0.6666666666666666,10,9,1000,50,0.7881497268811898,5.546556446701288,0.783439768015282,132.58839989826083
cosine,0.7777777777777777,10,9,1000,50,0.8701622022824428,5.572157165035605,0.8665022493865897,143.8403829820454
cosine,0.8888888888888888,10,9,1000,50,0.9416597619663752,5.487500725314021,0.940003420284102,120.97557363286614
cosine,1.0,10,9,1000,50,1.0,5.318754704669118,1.0,120.95318935066462
cosine,0.0,11,10,1000,50,0.5016574069059039,5.314112382009625,0.50297814766423,120.3502369467169
cosine,0.1111111111111111,11,10,1000,50,0.5107360165777,5.269171668216586,0.514883314322779,119.46514826267958
cosine,0.2222222222222222,11,10,1000,50,0.5322134258507004,5.204866226762533,0.5381499161567623,146.16372068412602
cosine,0.3333333333333333,11,10,1000,50,0.5714932527718098,5.292002249509096,0.5771626377645477,120.84534488990903
cosine,0.4444444444444444,11,10,1000,50,0.6307803214035679,5.284390028566122,0.6336661320186565,121.87249703705311
cosine,0.5555555555555556,11,10,1000,50,0.706511078212481,5.232678432017565,0.7055939990217049,122.03680055588484
cosine,0.6666666666666666,11,10,1000,50,0.7900481002044129,5.268192432820797,0.7869052406396221,141.90119400434196
cosine,0.7777777777777777,11,10,1000,50,0.8711314801775724,5.191570112481713,0.8682127718116566,146.3123608827591
cosine,0.8888888888888888,11,10,1000,50,0.9420414241897208,5.336860062554479,0.9406289857192464,120.68228435888886
cosine,1.0,11,10,1000,50,1.0,5.259505275636911,1.0,120.86940945312381
cosine,0.0,12,11,1000,50,0.49990354883942056,5.293932322412729,0.5002803327786935,144.63601068407297
cosine,0.1111111111111111,12,11,1000,50,0.5096423116503277,5.225448679178953,0.5126254035375387,138.80853245966136
cosine,0.2222222222222222,12,11,1000,50,0.5319520382105553,5.169911123812199,0.5366002945436236,120.33819355629385
cosine,0.3333333333333333,12,11,1000,50,0.5719592578550494,5.369911206886172,0.5764413870456648,120.64329237118363
cosine,0.4444444444444444,12,11,1000,50,0.6314488015069177,5.271679243072867,0.6334819843089179,120.94904541224241
cosine,0.5555555555555556,12,11,1000,50,0.7066714169078898,5.305760001763701,0.7052469678418868,149.8965313564986
cosine,0.6666666666666666,12,11,1000,50,0.789468903773513,5.327358279377222,0.7859383413298545,123.13167461939156
cosine,0.7777777777777777,12,11,1000,50,0.8701641220378695,5.379548313096166,0.8668999208433302,121.15606164373457
cosine,0.8888888888888888,12,11,1000,50,0.9413380895925986,5.210614396259189,0.939686953216938,195.10536096990108
cosine,1.0,12,11,1000,50,1.0,5.246566100046039,1.0,122.04507912509143
cosine,0.0,13,12,1000,50,0.49967056033989904,5.303463919088244,0.499128594684336,159.49528290703893
cosine,0.1111111111111111,13,12,1000,50,0.5086771079696931,5.3621272295713425,0.51087945526687,123.28174470178783
cosine,0.2222222222222222,13,12,1000,50,0.5301413096463197,5.463800607249141,0.5340768203213655,122.55609162710607
cosine,0.3333333333333333,13,12,1000,50,0.569418592941639,5.260625060647726,0.5730557188344337,124.5826975479722
cosine,0.4444444444444444,13,12,1000,50,0.6285778002451349,5.307856814935803,0.6295045677774466,131.17948406375945
cosine,0.5555555555555556,13,12,1000,50,0.7041851410528766,5.415073100477457,0.7015674389371994,124.12108622305095
cosine,0.6666666666666666,13,12,1000,50,0.7880044814353432,5.285382799804211,0.7836054290079613,123.04940303601325
cosine,0.7777777777777777,13,12,1000,50,0.8698091097109133,5.306671865284443,0.8661611396060676,131.13092757202685
cosine,0.8888888888888888,13,12,1000,50,0.9414878365339288,5.248666243627667,0.9397936091318523,139.09879648685455
cosine,1.0,13,12,1000,50,1.0,5.136550731956959,1.0,131.21611803211272
cosine,0.0,14,13,1000,50,0.5017492041139335,5.2921067997813225,0.5029638743331646,143.16194208338857
cosine,0.1111111111111111,14,13,1000,50,0.5106629374865848,5.405698288232088,0.5142501191772533,123.14283031970263
cosine,0.2222222222222222,14,13,1000,50,0.5318226803958267,5.391129091382027,0.5366507219214921,123.28275894187391
cosine,0.3333333333333333,14,13,1000,50,0.5705863358348329,5.3478442300111055,0.5746418476655198,123.06009449623525
cosine,0.4444444444444444,14,13,1000,50,0.6291597388972139,5.311088740825653,0.6302512761543964,122.83285601250827
cosine,0.5555555555555556,14,13,1000,50,0.7042185873247998,5.2859686855226755,0.7015617751769051,119.63619426265359
cosine,0.6666666666666666,14,13,1000,50,0.7874958124457122,5.216817682608962,0.7827081412984854,119.90775728225708
cosine,0.7777777777777777,14,13,1000,50,0.868957430376268,5.193495225161314,0.8646721213789713,120.41805145144463
cosine,0.8888888888888888,14,13,1000,50,0.940823506873607,5.241210462525487,0.9386476832388032,133.12591197900474
cosine,1.0,14,13,1000,50,1.0,5.353936068713665,1.0,121.00754041038454
cosine,0.0,15,14,1000,50,0.5040802907115532,5.271087620407343,0.5061183258099858,121.29223970510066
cosine,0.1111111111111111,15,14,1000,50,0.5129665978603855,5.296397093683481,0.5178956305105011,138.53439382463694
cosine,0.2222222222222222,15,14,1000,50,0.5339442528701046,5.281037515029311,0.5405583284323312,123.79535964131355
cosine,0.3333333333333333,15,14,1000,50,0.5721676646586467,5.225361255928874,0.5781628044246762,137.36236320436
cosine,0.4444444444444444,15,14,1000,50,0.62973481698131,5.204735890030861,0.6324418369561816,122.80415539257228
cosine,0.5555555555555556,15,14,1000,50,0.7036949414344204,5.374072935432196,0.7020414318838005,122.16981772333384
cosine,0.6666666666666666,15,14,1000,50,0.7865478484496521,5.379918595775962,0.7821933389038551,122.27625886723399
cosine,0.7777777777777777,15,14,1000,50,0.868247566203478,5.361383834853768,0.8641724810460195,144.65978447161615
cosine,0.8888888888888888,15,14,1000,50,0.940543373032351,5.365594459697604,0.9384970498143202,122.99851528927684
cosine,1.0,15,14,1000,50,1.0,5.33328777551651,1.0,121.70867801830173
cosine,0.0,16,15,1000,50,0.5008512480416288,5.436452155932784,0.5018113695511098,121.46187002956867
cosine,0.1111111111111111,16,15,1000,50,0.5112568500364092,5.277412435039878,0.5156479213428096,120.28363929875195
cosine,0.2222222222222222,16,15,1000,50,0.5343146392885871,5.243676882237196,0.541162650963597,122.06720051728189
cosine,0.3333333333333333,16,15,1000,50,0.5748194467012102,5.220925448462367,0.5819650274411351,142.07410180941224
cosine,0.4444444444444444,16,15,1000,50,0.6340885374352309,5.157554462552071,0.6386717120112657,123.17348061315715
cosine,0.5555555555555556,16,15,1000,50,0.7084290984371144,5.3143755700439215,0.7088327864832449,141.00072836130857
cosine,0.6666666666666666,16,15,1000,50,0.7902344107634689,5.3231366239488125,0.7875629177356965,134.40816469304264
cosine,0.7777777777777777,16,15,1000,50,0.8703289301325373,5.296347452327609,0.867180018590418,136.861770208925
cosine,0.8888888888888888,16,15,1000,50,0.9413022601760077,5.396082570776343,0.9395350453679187,121.86926247924566
cosine,1.0,16,15,1000,50,1.0,5.289015935733914,1.0,121.83904476836324
cosine,0.0,17,16,1000,50,0.4949616851320258,5.441654080525041,0.492127285264211,129.83884509839118
cosine,0.1111111111111111,17,16,1000,50,0.5050742265311403,5.316449765115976,0.505296291030761,121.59762069955468
cosine,0.2222222222222222,17,16,1000,50,0.5278378719400764,5.300044223666191,0.530284045337229,122.07827349565923
cosine,0.3333333333333333,17,16,1000,50,0.5683868698357676,5.2853168323636055,0.5711855465614698,130.02056513167918
cosine,0.4444444444444444,17,16,1000,50,0.628371084511365,5.293238269165158,0.6290652217715813,122.2179713435471
cosine,0.5555555555555556,17,16,1000,50,0.7041544370021324,5.288684768602252,0.7015583734439057,120.72524601593614
cosine,0.6666666666666666,17,16,1000,50,0.7877513184527213,5.265653278678656,0.7832517757202995,129.05677891150117
cosine,0.7777777777777777,17,16,1000,50,0.8692946874730442,5.229979183524847,0.865422247464599,122.30498375557363
cosine,0.8888888888888888,17,16,1000,50,0.9410612155241413,5.463526071980596,0.939192529800128,129.99577990733087
cosine,1.0,17,16,1000,50,1.0,5.4631366189569235,1.0,137.94754592701793
cosine,0.0,18,17,1000,50,0.4992080838353383,5.875212866812944,0.49878633760865626,122.26898872107267
cosine,0.1111111111111111,18,17,1000,50,0.5083612590546458,5.430824277922511,0.5104932253898189,121.71001671254635
cosine,0.2222222222222222,18,17,1000,50,0.5298007907707306,5.478678425773978,0.5334035795664449,129.45942426472902
cosine,0.3333333333333333,18,17,1000,50,0.5687511198573323,5.2582671251147985,0.5717794302142296,129.77999504841864
cosine,0.4444444444444444,18,17,1000,50,0.6273290524993932,5.247088694944978,0.6273885441472289,121.10048978962004
cosine,0.5555555555555556,18,17,1000,50,0.7022765992445351,5.209631580859423,0.6985113565051776,126.95610890723765
cosine,0.6666666666666666,18,17,1000,50,0.7857577397036315,5.412567755207419,0.7799905310262594,129.4326492547989
cosine,0.7777777777777777,18,17,1000,50,0.8678672801057571,5.414344985038042,0.8629893951696072,129.98528524674475
cosine,0.8888888888888888,18,17,1000,50,0.9403922559834383,5.473164904862642,0.9380328406629272,125.80319155193865
cosine,1.0,18,17,1000,50,1.0,5.382276767864823,1.0,150.00220398418605
cosine,0.0,19,18,1000,50,0.501579212479012,5.481874139979482,0.5022007270072507,125.18236400559545
cosine,0.1111111111111111,19,18,1000,50,0.5099082509363071,5.563451064750552,0.5131548006681301,122.06973257288337
cosine,0.2222222222222222,19,18,1000,50,0.5303895498705118,5.517596244812012,0.5350821598015444,130.2315307278186
cosine,0.3333333333333333,19,18,1000,50,0.5687737858098579,5.3905905317515135,0.572777733080083,121.73396903276443
cosine,0.4444444444444444,19,18,1000,50,0.6276328653302601,5.37958418764174,0.6286113308078762,143.3405720293522
cosine,0.5555555555555556,19,18,1000,50,0.7036105785143861,5.355646967887878,0.7007844141329486,129.83510498702526
cosine,0.6666666666666666,19,18,1000,50,0.7879871474681094,5.237131098285317,0.7831846765912128,120.94765539839864
cosine,0.7777777777777777,19,18,1000,50,0.8700066800267201,5.2591223530471325,0.8659965541749328,120.80778639763594
cosine,0.8888888888888888,19,18,1000,50,0.941627647687768,5.282945908606052,0.9397524470841012,119.91577289067209
cosine,1.0,19,18,1000,50,1.0,5.200522352010012,1.0,120.08219666033983
cosine,0.0,20,19,1000,50,0.4978675208274407,5.330607607960701,0.4965424765593689,128.41251601465046
cosine,0.1111111111111111,20,19,1000,50,0.5080074443180655,5.324846563860774,0.5100521848352916,130.2802181597799
cosine,0.2222222222222222,20,19,1000,50,0.5307102392974137,5.286251176148653,0.5352240388922699,123.88880707137287
cosine,0.3333333333333333,20,19,1000,50,0.571006738201127,5.2288266606628895,0.5759290338794782,128.0958496388048
cosine,0.4444444444444444,20,19,1000,50,0.6305550299798797,5.282163307070732,0.6332133337672118,121.73655479773879
cosine,0.5555555555555556,20,19,1000,50,0.7056872222924327,5.2641930263489485,0.7047215426029785,128.33115515112877
cosine,0.6666666666666666,20,19,1000,50,0.7885373991225695,5.26526066660881,0.7851608657760982,122.09421944990754
cosine,0.7777777777777777,20,19,1000,50,0.8695931442464508,5.2873687744140625,0.8662488994241445,119.11966971866786
cosine,0.8888888888888888,20,19,1000,50,0.9411302364488737,5.212202299386263,0.9394076023267806,122.57770735025406
cosine,1.0,20,19,1000,50,1.0,5.2490706872195005,1.0,120.12092800997198
manhattan,0.0,1,0,1000,50,0.5004906228874165,4.812934083864093,0.5011139800894395,71.14508497156203
manhattan,0.1111111111111111,1,0,1000,50,0.5041880257010517,4.754447506740689,0.5049124145683241,71.41256932727993
manhattan,0.2222222222222222,1,0,1000,50,0.5185335275154914,4.721741147339344,0.5194055942524113,71.4143360760063
manhattan,0.3333333333333333,1,0,1000,50,0.5499098055971804,4.678888680413365,0.550190065684525,71.34594316221774
manhattan,0.4444444444444444,1,0,1000,50,0.6041699274424726,4.744731305167079,0.6022241511183929,68.99948254413903
manhattan,0.5555555555555556,1,0,1000,50,0.682333046473327,4.655083008110523,0.6773745845471,69.66114507988095
manhattan,0.6666666666666666,1,0,1000,50,0.7730557551539515,4.750115854665637,0.766721761027122,69.15602785162628
manhattan,0.7777777777777777,1,0,1000,50,0.8598441086376958,4.515781322494149,0.8547175085832098,68.26025304570794
manhattan,0.8888888888888888,1,0,1000,50,0.9356934609960662,4.832530690357089,0.9331669160753769,66.72837965749204
manhattan,1.0,1,0,1000,50,1.0,4.418595610186458,1.0,67.12990619800985
manhattan,0.0,2,1,1000,50,0.5026726385704342,4.42866644449532,0.5047301862417831,67.21514431759715
manhattan,0.1111111111111111,2,1,1000,50,0.5064555637802131,4.526780761778355,0.5088018323467355,67.15085466951132
manhattan,0.2222222222222222,2,1,1000,50,0.5209622488219683,4.384559258818626,0.5236268487147133,70.5914839413017
manhattan,0.3333333333333333,2,1,1000,50,0.5523041739133924,4.648232577368617,0.5545036480592486,70.46453223563731
manhattan,0.4444444444444444,2,1,1000,50,0.6059018377094529,4.696365991607308,0.6056218402590423,69.62108832225204
manhattan,0.5555555555555556,2,1,1000,50,0.6829900120561443,4.686835354194045,0.6789899337471512,70.21831917576492
manhattan,0.6666666666666666,2,1,1000,50,0.772723801958271,4.622385064139962,0.7665853036229093,70.34156484156847
manhattan,0.7777777777777777,2,1,1000,50,0.8594520632857306,4.902528462931514,0.8541540564972865,72.99918881431222
manhattan,0.8888888888888888,2,1,1000,50,0.9355580470249809,4.8512267377227545,0.9328778044802993,73.50973326712847
manhattan,1.0,2,1,1000,50,1.0,4.841424025595188,1.0,74.8972725123167
manhattan,0.0,3,2,1000,50,0.4978796572123225,4.926881907507777,0.49646170608048623,72.02941345795989
manhattan,0.1111111111111111,3,2,1000,50,0.5020155847229996,4.6468250416219234,0.5006522340415884,68.13792661949992
manhattan,0.2222222222222222,3,2,1000,50,0.51707927366244,4.535425111651421,0.5159079879633605,68.3775999005884
manhattan,0.3333333333333333,3,2,1000,50,0.5492371650207322,4.592968350276351,0.5478242545313337,68.52667942270637
manhattan,0.4444444444444444,3,2,1000,50,0.604430203750845,4.608364954590797,0.6013275856303054,69.36086272075772
manhattan,0.5555555555555556,3,2,1000,50,0.683456422354218,4.5589666198939085,0.6779006315578034,69.51591981761158
manhattan,0.6666666666666666,3,2,1000,50,0.7741954960972997,4.515915848314762,0.7676799580508461,69.67820413783193
manhattan,0.7777777777777777,3,2,1000,50,0.8606949494584765,4.547414975240827,0.8555638791254657,70.15150724165142
manhattan,0.8888888888888888,3,2,1000,50,0.9361482644969619,4.563922442495823,0.9336586692762475,68.6204689219594
manhattan,1.0,3,2,1000,50,1.0,4.498376224189997,1.0,70.08299267850816
manhattan,0.0,4,3,1000,50,0.5027051339917071,4.6339357160031796,0.5041889063291386,70.51150125451386
manhattan,0.1111111111111111,4,3,1000,50,0.506694445948955,4.649389613419771,0.5082819899917524,69.60443327575922
manhattan,0.2222222222222222,4,3,1000,50,0.5213647816152827,4.603935299441218,0.5231731061356854,70.34248434007168
manhattan,0.3333333333333333,4,3,1000,50,0.5530002126374872,4.7248403280973434,0.5543355488883053,69.97031458839774
manhattan,0.4444444444444444,4,3,1000,50,0.6073282841960197,4.6876614186912775,0.6064956047679287,69.62572875618935
manhattan,0.5555555555555556,4,3,1000,50,0.6850282547076134,4.634729117155075,0.6809917931189401,70.29946119524539
manhattan,0.6666666666666666,4,3,1000,50,0.7748299441726295,4.694388370960951,0.7691152071422661,71.53261415474117
manhattan,0.7777777777777777,4,3,1000,50,0.8610352777627327,4.609219564124942,0.8562399314871159,71.2911013495177
manhattan,0.8888888888888888,4,3,1000,50,0.9362873675278485,4.6646101623773575,0.9338981447362139,72.16221258789301
manhattan,1.0,4,3,1000,50,1.0,4.850289598107338,1.0,77.88219269365072
manhattan,0.0,5,4,1000,50,0.4992646674730843,4.879189917817712,0.4991233682874135,74.32978060655296
manhattan,0.1111111111111111,5,4,1000,50,0.5030361543908638,4.836231572553515,0.5028982280572241,73.90867692790926
manhattan,0.2222222222222222,5,4,1000,50,0.5176704359670291,4.869336968287826,0.5174974598158217,74.55281243287027
manhattan,0.3333333333333333,5,4,1000,50,0.5493914254936298,4.825372479856014,0.5483322868278054,73.61032447777689
manhattan,0.4444444444444444,5,4,1000,50,0.6039876670257431,4.841057671234012,0.6003285311349382,71.80878567881882
manhattan,0.5555555555555556,5,4,1000,50,0.6823008258759762,4.777811778709292,0.675403612769297,71.63726634904742
manhattan,0.6666666666666666,5,4,1000,50,0.7731700638514266,4.783772174268961,0.765134201048887,72.46345250681043
manhattan,0.7777777777777777,5,4,1000,50,0.8601487098320766,4.74212496727705,0.8539391196632982,67.95956413820386
manhattan,0.8888888888888888,5,4,1000,50,0.9359339961203689,4.514793269336224,0.9329408519841783,67.78616972081363
manhattan,1.0,5,4,1000,50,1.0,4.540226673707366,1.0,67.55111535266042
manhattan,0.0,6,5,1000,50,0.5005506247730697,4.564634971320629,0.5012985201570114,67.77084652893245
manhattan,0.1111111111111111,6,5,1000,50,0.5040256629374866,4.568812882527709,0.5050942890074313,67.39203604124486
manhattan,0.2222222222222222,6,5,1000,50,0.5182496163498167,4.523852679878473,0.5197657734397251,67.86307909153402
manhattan,0.3333333333333333,6,5,1000,50,0.5496523517505482,4.520157789811492,0.5509944144702287,68.16555272601545
manhattan,0.4444444444444444,6,5,1000,50,0.6043493974936861,4.591569473966956,0.6037648428343237,67.99564342014492
manhattan,0.5555555555555556,6,5,1000,50,0.6827737396715353,4.568996023386717,0.6789738840655115,68.53097989782691
manhattan,0.6666666666666666,6,5,1000,50,0.7731428623011789,4.56439052708447,0.7674798788633921,68.03030721098185
manhattan,0.7777777777777777,6,5,1000,50,0.8598166202274419,4.547788428142667,0.8549368702857625,69.39833448641002
manhattan,0.8888888888888888,6,5,1000,50,0.9357169975586809,4.632453171536326,0.9332350954339644,68.59026953950524
manhattan,1.0,6,5,1000,50,1.0,4.7400754280388355,1.0,73.4878606069833
manhattan,0.0,7,6,1000,50,0.5000120902465592,4.72291255556047,0.5000011130420153,72.19837389141321
manhattan,0.1111111111111111,7,6,1000,50,0.5037624197343636,4.667731139808893,0.503983134866615,72.11725978925824
manhattan,0.2222222222222222,7,6,1000,50,0.5181443166613507,4.670429941266775,0.5185599272677662,72.15813679248095
manhattan,0.3333333333333333,7,6,1000,50,0.5491439054284746,4.765162285417318,0.5488500070895593,70.50125410966575
manhattan,0.4444444444444444,7,6,1000,50,0.6027673525228635,4.809909472241998,0.5998502470486761,70.73901478201151
manhattan,0.5555555555555556,7,6,1000,50,0.6803283243163003,4.735707368701696,0.6739277001678715,70.75635396875441
manhattan,0.6666666666666666,7,6,1000,50,0.7708652239413762,4.784285183995962,0.7628912002476301,70.40103995241225
manhattan,0.7777777777777777,7,6,1000,50,0.858363200876227,4.730074796825647,0.8519557782758287,71.46783523261547
manhattan,0.8888888888888888,7,6,1000,50,0.9350641041843447,4.698123687878251,0.9319411947188181,70.36927082203329
manhattan,1.0,7,6,1000,50,1.0,4.723653085529804,1.0,71.50215578079224
manhattan,0.0,8,7,1000,50,0.4979927723314497,4.715149279683828,0.4963846314480502,70.61940896511078
manhattan,0.1111111111111111,8,7,1000,50,0.5023950644030805,4.701514521613717,0.5007881510493635,70.98033121041954
manhattan,0.2222222222222222,8,7,1000,50,0.5176102394980151,4.801901016384363,0.5160162767052855,72.29672782495618
manhattan,0.3333333333333333,8,7,1000,50,0.5497120346799705,4.787239709869027,0.5474422719956354,72.16364008747041
manhattan,0.4444444444444444,8,7,1000,50,0.6041513016022034,5.395909387618303,0.5997034504509715,70.7816387526691
manhattan,0.5555555555555556,8,7,1000,50,0.6818789189991595,4.724925167858601,0.6744598145802801,70.20990281552076
manhattan,0.6666666666666666,8,7,1000,50,0.7719817894046351,4.712444907054305,0.7634335773151417,70.77410887181759
manhattan,0.7777777777777777,8,7,1000,50,0.8589223010585736,4.665982099249959,0.8522064686620558,70.40774720720947
manhattan,0.8888888888888888,8,7,1000,50,0.9352631248482952,4.77287551574409,0.9319736005736774,74.14628482051194
manhattan,1.0,8,7,1000,50,1.0,4.883882036432624,1.0,71.6439138520509
manhattan,0.0,9,8,1000,50,0.4999153361778612,4.912372440099716,0.5005671783223757,71.74862312152982
manhattan,0.1111111111111111,9,8,1000,50,0.5038814425648093,4.90315574221313,0.5045553331012754,71.0989896375686
manhattan,0.2222222222222222,9,8,1000,50,0.5185955314031466,4.80278368294239,0.5192948301897756,70.4144752882421
manhattan,0.3333333333333333,9,8,1000,50,0.5502542863504787,4.651911437511444,0.5502344031418228,71.01206105947495
manhattan,0.4444444444444444,9,8,1000,50,0.6046816235072748,4.729282293468714,0.6023002959421996,71.7882962487638
manhattan,0.5555555555555556,9,8,1000,50,0.6828078358920042,4.6534264665097,0.6773794801468764,71.64815372414887
manhattan,0.6666666666666666,9,8,1000,50,0.7733567435170642,4.718737751245499,0.7666414994279227,71.38767052814364
manhattan,0.7777777777777777,9,8,1000,50,0.8602312111710909,4.4495472107082605,0.854920515400255,67.50179062411189
manhattan,0.8888888888888888,9,8,1000,50,0.9359693440935926,4.434786980971694,0.9333952357392136,67.6040961816907
manhattan,1.0,9,8,1000,50,1.0,4.510977581143379,1.0,66.99498778954148
manhattan,0.0,10,9,1000,50,0.4988980323008379,4.470781244337559,0.4976347008330976,67.43195291794837
manhattan,0.1111111111111111,10,9,1000,50,0.5023408940002126,4.45671028085053,0.500966238101789,69.63264366425574
manhattan,0.2222222222222222,10,9,1000,50,0.5165993789380563,4.641083152964711,0.5152212186820138,70.87239961139858
manhattan,0.3333333333333333,10,9,1000,50,0.5482721278392622,4.6520413644611835,0.5463937069009922,71.69655789062381
manhattan,0.4444444444444444,10,9,1000,50,0.6037061751129887,4.700646188110113,0.600135110594159,71.38362121582031
manhattan,0.5555555555555556,10,9,1000,50,0.6836176998641929,4.626801621168852,0.6778937426601541,72.15909653902054
manhattan,0.6666666666666666,10,9,1000,50,0.7750530289808847,4.893271001055837,0.7687418536861775,75.53693918138742
manhattan,0.7777777777777777,10,9,1000,50,0.8616970036168433,4.829963905736804,0.8569434865707329,77.10411799140275
manhattan,0.8888888888888888,10,9,1000,50,0.9367148551356969,4.942129459232092,0.9344793086825758,74.17003057524562
manhattan,1.0,10,9,1000,50,1.0,4.812528284266591,1.0,74.17188565805554
manhattan,0.0,11,10,1000,50,0.5004305227070758,4.5985309556126595,0.501091585552423,69.86179267242551
manhattan,0.1111111111111111,11,10,1000,50,0.5039784333431628,4.636969968676567,0.5046929159739253,70.27009938843548
manhattan,0.2222222222222222,11,10,1000,50,0.5181956164581415,4.63908426836133,0.5189196412851748,70.24804188683629
manhattan,0.3333333333333333,11,10,1000,50,0.5493726090820279,4.570520119741559,0.5493070901789241,70.32474726252258
manhattan,0.4444444444444444,11,10,1000,50,0.6035365064463261,4.57278292067349,0.6011096102947127,68.81451813317835
manhattan,0.5555555555555556,11,10,1000,50,0.6820228103855358,4.540784420445561,0.6764525433166385,68.45166012831032
manhattan,0.6666666666666666,11,10,1000,50,0.7729529910672195,4.548499034717679,0.766019413930144,68.34661202318966
manhattan,0.7777777777777777,11,10,1000,50,0.8599342609142209,4.55419410020113,0.8543937612424435,68.19722806103528
manhattan,0.8888888888888888,11,10,1000,50,0.9357985340049468,4.537616029381752,0.9331014961792263,68.2387976590544
manhattan,1.0,11,10,1000,50,1.0,4.586079748347402,1.0,66.64748310670257
manhattan,0.0,12,11,1000,50,0.49952938509651934,4.3284046445041895,0.4992583765647968,67.30900968797505
manhattan,0.1111111111111111,12,11,1000,50,0.5042227899241928,4.359236568212509,0.5043787498712514,66.20183529518545
manhattan,0.2222222222222222,12,11,1000,50,0.5197775972365151,4.44243536144495,0.5205698799584906,66.09868828393519
manhattan,0.3333333333333333,12,11,1000,50,0.552325700449949,4.3774789702147245,0.553208534343434,67.99910514056683
manhattan,0.4444444444444444,12,11,1000,50,0.6073434657101991,4.557903638109565,0.6065440029931902,69.5309490878135
manhattan,0.5555555555555556,12,11,1000,50,0.6852385371343287,4.555270340293646,0.6815436881737346,69.48599789477885
manhattan,0.6666666666666666,12,11,1000,50,0.7747049073121217,4.638370772823691,0.769240502183017,72.50930396094918
manhattan,0.7777777777777777,12,11,1000,50,0.8605193309542007,4.582531427964568,0.8558240772536162,70.30198404565454
manhattan,0.8888888888888888,12,11,1000,50,0.9359124094033914,4.689343294128776,0.9335099065916367,69.10952956043184
manhattan,1.0,12,11,1000,50,1.0,4.636094460263848,1.0,73.40707813203335
manhattan,0.0,13,12,1000,50,0.4995230039658897,4.919791754335165,0.4982922285867595,73.89963260106742
manhattan,0.1111111111111111,13,12,1000,50,0.5028994124384906,4.902577521279454,0.5015745006699593,74.44598583504558
manhattan,0.2222222222222222,13,12,1000,50,0.5168975287913163,4.860413180664182,0.5155211889819399,73.29163423553109
manhattan,0.3333333333333333,13,12,1000,50,0.5477413846712443,4.578127516433597,0.5455946314493176,69.39322078973055
manhattan,0.4444444444444444,13,12,1000,50,0.6013768477896735,4.549886330962181,0.5968359362512241,70.8434136621654
manhattan,0.5555555555555556,13,12,1000,50,0.6793094818265158,4.551167316734791,0.6718392486512075,70.20223574526608
manhattan,0.6666666666666666,13,12,1000,50,0.7705128334747573,4.646237328648567,0.7622143659067013,70.53970030322671
manhattan,0.7777777777777777,13,12,1000,50,0.8582778810875004,4.764283582568169,0.8519943242881276,71.21540974266827
manhattan,0.8888888888888888,13,12,1000,50,0.9350729206160068,4.73063850402832,0.9320766693009029,71.88061062432826
manhattan,1.0,13,12,1000,50,1.0,4.7969790156930685,1.0,70.98337546549737
manhattan,0.0,14,13,1000,50,0.4992787857998279,4.7473296988755465,0.4989901601913268,70.3305359724909
manhattan,0.1111111111111111,14,13,1000,50,0.5032164188236332,4.698162272572517,0.5030547873075134,71.41195762529969
manhattan,0.2222222222222222,14,13,1000,50,0.5178120364853832,4.690055303275585,0.5178986348957826,70.80112888850272
manhattan,0.3333333333333333,14,13,1000,50,0.5496716435874752,4.719982413575053,0.5494839626693303,71.03765975683928
manhattan,0.4444444444444444,14,13,1000,50,0.6046064561555543,6.794112529605627,0.6027318612453898,70.10512332431972
manhattan,0.5555555555555556,14,13,1000,50,0.683535363018329,4.634892335161567,0.678979516510257,70.09572617150843
manhattan,0.6666666666666666,14,13,1000,50,0.7744652548339923,4.749237520620227,0.768542309728216,73.41160591319203
manhattan,0.7777777777777777,14,13,1000,50,0.8609663310605195,4.702929573133588,0.8560348416830488,74.2574777174741
manhattan,0.8888888888888888,14,13,1000,50,0.9362735761813918,5.555728279054165,0.933798844281193,76.63025106675923
manhattan,1.0,14,13,1000,50,1.0,4.756529286503792,1.0,73.32175717502832
manhattan,0.0,15,14,1000,50,0.4993905909917934,5.278897320851684,0.4983628751051822,77.54697577282786
manhattan,0.1111111111111111,15,14,1000,50,0.5026436255895174,6.146124271675944,0.5016699303106501,75.06607416830957
manhattan,0.2222222222222222,15,14,1000,50,0.5165621312695461,7.587285980582237,0.5157241954368162,73.5282194186002
manhattan,0.3333333333333333,15,14,1000,50,0.5471693637525301,4.658964971080422,0.5458641296516686,70.01740043610334
manhattan,0.4444444444444444,15,14,1000,50,0.6004729960421343,4.731311187148094,0.5969545335954303,71.07305445149541
manhattan,0.5555555555555556,15,14,1000,50,0.6782183445971021,4.660723382607102,0.6715368607844592,72.14301081933081
manhattan,0.6666666666666666,15,14,1000,50,0.7695477461429365,6.914993043988943,0.761447315597799,74.26381895877421
manhattan,0.7777777777777777,15,14,1000,50,0.8577617196354671,6.945514550432563,0.8512890670422504,75.53414449468255
manhattan,0.8888888888888888,15,14,1000,50,0.9348491557689954,7.405200969427824,0.9316949634301529,73.7123829331249
manhattan,1.0,15,14,1000,50,1.0,6.724626367911696,1.0,73.45893964357674
manhattan,0.0,16,15,1000,50,0.4987158481126417,6.85682169906795,0.498619511896465,73.6895107794553
manhattan,0.1111111111111111,16,15,1000,50,0.5032054720050712,6.704870659857988,0.503802599487144,75.03591754846275
manhattan,0.2222222222222222,16,15,1000,50,0.5187270456829575,6.667620142921805,0.5200957885019127,69.58628153055906
manhattan,0.3333333333333333,16,15,1000,50,0.5511614580512376,6.390398720279336,0.5525688522193548,70.04215606674552
manhattan,0.4444444444444444,16,15,1000,50,0.6059319840882967,6.425253851339221,0.6054502218755137,69.53224004246294
manhattan,0.5555555555555556,16,15,1000,50,0.6835053731085795,6.502876583486795,0.6796933990369929,70.89084747247398
manhattan,0.6666666666666666,16,15,1000,50,0.7731665914411405,6.525297358632088,0.7671766196984335,68.23080209083855
manhattan,0.7777777777777777,16,15,1000,50,0.8596893266011503,6.409974876791239,0.8543726052188915,67.62790854275227
manhattan,0.8888888888888888,16,15,1000,50,0.9356049235608354,6.393272127956152,0.9328525312789447,67.78716198168695
manhattan,1.0,16,15,1000,50,1.0,6.402234580367804,1.0,72.99368612281978
manhattan,0.0,17,16,1000,50,0.5010405455555756,6.793801663443446,0.5019917299385523,72.75704257190228
manhattan,0.1111111111111111,17,16,1000,50,0.5049932758409712,6.73186600022018,0.50612943998887,72.6291098613292
manhattan,0.2222222222222222,17,16,1000,50,0.5198290715565265,6.789890941232443,0.5211723708802359,72.58672207593918
manhattan,0.3333333333333333,17,16,1000,50,0.5515631402946032,6.714811330661178,0.5524139068425635,73.49700910784304
manhattan,0.4444444444444444,17,16,1000,50,0.605879354304204,6.906292984262109,0.6044539767494764,76.0338944811374
manhattan,0.5555555555555556,17,16,1000,50,0.6834920230852095,7.055472455918789,0.6787617019696665,77.2575205359608
manhattan,0.6666666666666666,17,16,1000,50,0.7734031145373831,6.910601699724793,0.7669881716982296,76.79008597694337
manhattan,0.7777777777777777,17,16,1000,50,0.8597398741426797,6.882605742663145,0.8544207285176162,74.0423615667969
manhattan,0.8888888888888888,17,16,1000,50,0.9355273830945173,6.6043823678046465,0.9328783629529955,71.56642183661461
manhattan,1.0,17,16,1000,50,1.0,6.56246392428875,1.0,71.43743565306067
manhattan,0.0,18,17,1000,50,0.49910204593370927,6.583278691396117,0.4982139254125795,71.86667698062956
manhattan,0.1111111111111111,18,17,1000,50,0.5029849990270832,6.638326603919268,0.50206495235605,71.57613090239465
manhattan,0.2222222222222222,18,17,1000,50,0.5175280430731333,6.561391305178404,0.5166291509488072,71.44320006109774
manhattan,0.3333333333333333,18,17,1000,50,0.5489671575382998,6.694101803004742,0.5475026139600222,71.52622649073601
manhattan,0.4444444444444444,18,17,1000,50,0.6032275040571634,6.595660392194986,0.5997731278453042,74.73523662984371
manhattan,0.5555555555555556,18,17,1000,50,0.6815777300346438,6.589848272502422,0.6753012340465119,70.6060346569866
manhattan,0.6666666666666666,18,17,1000,50,0.7721939614965667,6.445462737232447,0.7648003274297789,72.21196846663952
manhattan,0.7777777777777777,18,17,1000,50,0.8591470247802914,6.665846649557352,0.8533356482212108,71.77727586776018
manhattan,0.8888888888888888,18,17,1000,50,0.9353652409924955,6.438204023987055,0.9325040958088235,69.39279943145812
manhattan,1.0,18,17,1000,50,1.0,6.5138385612517595,1.0,69.24545128457248
manhattan,0.0,19,18,1000,50,0.5007305983338047,6.48595223762095,0.501030529672391,69.16573765128851
manhattan,0.1111111111111111,19,18,1000,50,0.5035958142511249,6.588257161900401,0.5037543449142172,70.16547871939838
manhattan,0.2222222222222222,19,18,1000,50,0.5171185393810644,5.404317304491997,0.51707798826217,72.63216638937593
manhattan,0.3333333333333333,19,18,1000,50,0.5477058742108842,6.559065883979201,0.5467149391226954,71.62008325010538
manhattan,0.4444444444444444,19,18,1000,50,0.6015711884228918,6.676608687266707,0.5980243400969869,71.41173049248755
manhattan,0.5555555555555556,19,18,1000,50,0.6802448480544673,6.56606519035995,0.6734651489458274,71.78336795605719
manhattan,0.6666666666666666,19,18,1000,50,0.7717785380570952,6.679435793310404,0.7637041470871297,69.52291221357882
manhattan,0.7777777777777777,19,18,1000,50,0.8594826911079416,6.507930513471365,0.8531226463919774,70.80824757553637
manhattan,0.8888888888888888,19,18,1000,50,0.9357735571242586,6.536688709631562,0.9327060401346022,70.81470791250467
manhattan,1.0,19,18,1000,50,1.0,6.5638526529073715,1.0,70.80114347301424
manhattan,0.0,20,19,1000,50,0.5005647792080657,6.659713799133897,0.5012753963403346,70.0285808686167
manhattan,0.1111111111111111,20,19,1000,50,0.5043771165955535,6.68258099257946,0.5054716258963229,70.65168744325638
manhattan,0.2222222222222222,20,19,1000,50,0.5189260121845293,6.633430140092969,0.5204584564906733,70.81498605571687
manhattan,0.3333333333333333,20,19,1000,50,0.5502115622636665,6.595157463103533,0.5513433829243946,75.01685333065689
manhattan,0.4444444444444444,20,19,1000,50,0.6040249648446041,6.668714553117752,0.6029190865548917,71.55146155878901
manhattan,0.5555555555555556,20,19,1000,50,0.6817279824915096,6.731038076803088,0.6772984038766073,72.5025606751442
manhattan,0.6666666666666666,20,19,1000,50,0.7720510269788827,6.777008725330234,0.7658376144922195,72.28346317261457
manhattan,0.7777777777777777,20,19,1000,50,0.8591043026994931,6.641078818589449,0.8537973736817642,73.05689001642168
manhattan,0.8888888888888888,20,19,1000,50,0.9353811366476698,6.772390527650714,0.9326894669818913,72.8806638289243
manhattan,1.0,20,19,1000,50,1.0,6.712067615240812,1.0,72.43752731010318
